[    1508ms] [INFO] %cDownload the React DevTools for a better development experience: https://reactjs.org/link/react-devtools font-weight:bold @ http://localhost:5173/node_modules/.vite/deps/react-dom_client.js?v=cf6bd0d8:21548
[    1579ms] [WARNING] WebSocket connection to 'ws://localhost:8000/api/intervention/ws' failed: WebSocket is closed before the connection is established. @ http://localhost:5173/src/context/InterventionContext.jsx:135
[    1849ms] [ERROR] Failed to load resource: the server responded with a status of 404 (Not Found) @ http://localhost:5173/favicon.ico:0
[    2363ms] [WARNING] WebSocket connection to 'ws://localhost:8000/api/intervention/ws' failed: WebSocket is closed before the connection is established. @ http://localhost:5173/src/context/InterventionContext.jsx:135
[    2507ms] [WARNING] WebSocket connection to 'ws://localhost:8000/api/intervention/ws' failed: WebSocket is closed before the connection is established. @ http://localhost:5173/src/context/InterventionContext.jsx:135
[    2532ms] [WARNING] WebSocket connection to 'ws://localhost:8000/api/intervention/ws' failed: WebSocket is closed before the connection is established. @ http://localhost:5173/src/context/InterventionContext.jsx:135
[    2554ms] [WARNING] WebSocket connection to 'ws://localhost:8000/api/intervention/ws' failed: WebSocket is closed before the connection is established. @ http://localhost:5173/src/context/InterventionContext.jsx:135
[    2581ms] [WARNING] WebSocket connection to 'ws://localhost:8000/api/intervention/ws' failed: WebSocket is closed before the connection is established. @ http://localhost:5173/src/context/InterventionContext.jsx:135
[    2609ms] [WARNING] WebSocket connection to 'ws://localhost:8000/api/intervention/ws' failed: WebSocket is closed before the connection is established. @ http://localhost:5173/src/context/InterventionContext.jsx:135
[    2661ms] [WARNING] WebSocket connection to 'ws://localhost:8000/api/intervention/ws' failed: WebSocket is closed before the connection is established. @ http://localhost:5173/src/context/InterventionContext.jsx:135
[    2719ms] [WARNING] WebSocket connection to 'ws://localhost:8000/api/intervention/ws' failed: WebSocket is closed before the connection is established. @ http://localhost:5173/src/context/InterventionContext.jsx:135
[    2744ms] [WARNING] WebSocket connection to 'ws://localhost:8000/api/intervention/ws' failed: WebSocket is closed before the connection is established. @ http://localhost:5173/src/context/InterventionContext.jsx:135
[    2769ms] [WARNING] WebSocket connection to 'ws://localhost:8000/api/intervention/ws' failed: WebSocket is closed before the connection is established. @ http://localhost:5173/src/context/InterventionContext.jsx:135
[    2795ms] [WARNING] WebSocket connection to 'ws://localhost:8000/api/intervention/ws' failed: WebSocket is closed before the connection is established. @ http://localhost:5173/src/context/InterventionContext.jsx:135
[    2818ms] [WARNING] WebSocket connection to 'ws://localhost:8000/api/intervention/ws' failed: WebSocket is closed before the connection is established. @ http://localhost:5173/src/context/InterventionContext.jsx:135
[    2833ms] [WARNING] WebSocket connection to 'ws://localhost:8000/api/intervention/ws' failed: WebSocket is closed before the connection is established. @ http://localhost:5173/src/context/InterventionContext.jsx:135
[    2853ms] [WARNING] WebSocket connection to 'ws://localhost:8000/api/intervention/ws' failed: WebSocket is closed before the connection is established. @ http://localhost:5173/src/context/InterventionContext.jsx:135
[    2870ms] [ERROR] Failed to load resource: the server responded with a status of 503 (Service Unavailable) @ http://localhost:8000/api/videos/93e4b1963c6fcd97/entities?timestamp=0&model=pilot:0
[    2871ms] [ERROR] Failed to load resource: the server responded with a status of 503 (Service Unavailable) @ http://localhost:8000/api/videos/93e4b1963c6fcd97/findings?timestamp=0&model=pilot:0
[    3496ms] [WARNING] WebSocket connection to 'ws://localhost:8000/api/intervention/ws' failed: WebSocket is closed before the connection is established. @ http://localhost:5173/src/context/InterventionContext.jsx:135
[    3848ms] [WARNING] WebSocket connection to 'ws://localhost:8000/api/intervention/ws' failed: WebSocket is closed before the connection is established. @ http://localhost:5173/src/context/InterventionContext.jsx:135
[    3881ms] [WARNING] WebSocket connection to 'ws://localhost:8000/api/intervention/ws' failed: WebSocket is closed before the connection is established. @ http://localhost:5173/src/context/InterventionContext.jsx:135
[    3905ms] [WARNING] WebSocket connection to 'ws://localhost:8000/api/intervention/ws' failed: WebSocket is closed before the connection is established. @ http://localhost:5173/src/context/InterventionContext.jsx:135
[    3921ms] [WARNING] WebSocket connection to 'ws://localhost:8000/api/intervention/ws' failed: WebSocket is closed before the connection is established. @ http://localhost:5173/src/context/InterventionContext.jsx:135
[    3934ms] [WARNING] WebSocket connection to 'ws://localhost:8000/api/intervention/ws' failed: WebSocket is closed before the connection is established. @ http://localhost:5173/src/context/InterventionContext.jsx:135
[    3947ms] [WARNING] WebSocket connection to 'ws://localhost:8000/api/intervention/ws' failed: WebSocket is closed before the connection is established. @ http://localhost:5173/src/context/InterventionContext.jsx:135
[    3968ms] [WARNING] WebSocket connection to 'ws://localhost:8000/api/intervention/ws' failed: WebSocket is closed before the connection is established. @ http://localhost:5173/src/context/InterventionContext.jsx:135
[    3988ms] [WARNING] WebSocket connection to 'ws://localhost:8000/api/intervention/ws' failed: WebSocket is closed before the connection is established. @ http://localhost:5173/src/context/InterventionContext.jsx:135
[    4002ms] [WARNING] WebSocket connection to 'ws://localhost:8000/api/intervention/ws' failed: WebSocket is closed before the connection is established. @ http://localhost:5173/src/context/InterventionContext.jsx:135
[    4018ms] [WARNING] WebSocket connection to 'ws://localhost:8000/api/intervention/ws' failed: WebSocket is closed before the connection is established. @ http://localhost:5173/src/context/InterventionContext.jsx:135
[    4033ms] [WARNING] WebSocket connection to 'ws://localhost:8000/api/intervention/ws' failed: WebSocket is closed before the connection is established. @ http://localhost:5173/src/context/InterventionContext.jsx:135
[    4050ms] [WARNING] WebSocket connection to 'ws://localhost:8000/api/intervention/ws' failed: WebSocket is closed before the connection is established. @ http://localhost:5173/src/context/InterventionContext.jsx:135
[    4064ms] [WARNING] WebSocket connection to 'ws://localhost:8000/api/intervention/ws' failed: WebSocket is closed before the connection is established. @ http://localhost:5173/src/context/InterventionContext.jsx:135
[    4077ms] [WARNING] WebSocket connection to 'ws://localhost:8000/api/intervention/ws' failed: WebSocket is closed before the connection is established. @ http://localhost:5173/src/context/InterventionContext.jsx:135
[    4097ms] [WARNING] WebSocket connection to 'ws://localhost:8000/api/intervention/ws' failed: WebSocket is closed before the connection is established. @ http://localhost:5173/src/context/InterventionContext.jsx:135
[    4109ms] [WARNING] WebSocket connection to 'ws://localhost:8000/api/intervention/ws' failed: WebSocket is closed before the connection is established. @ http://localhost:5173/src/context/InterventionContext.jsx:135
[    4134ms] [WARNING] WebSocket connection to 'ws://localhost:8000/api/intervention/ws' failed: WebSocket is closed before the connection is established. @ http://localhost:5173/src/context/InterventionContext.jsx:135
[    4150ms] [WARNING] WebSocket connection to 'ws://localhost:8000/api/intervention/ws' failed: WebSocket is closed before the connection is established. @ http://localhost:5173/src/context/InterventionContext.jsx:135
[    4168ms] [WARNING] WebSocket connection to 'ws://localhost:8000/api/intervention/ws' failed: WebSocket is closed before the connection is established. @ http://localhost:5173/src/context/InterventionContext.jsx:135
[    4186ms] [WARNING] WebSocket connection to 'ws://localhost:8000/api/intervention/ws' failed: WebSocket is closed before the connection is established. @ http://localhost:5173/src/context/InterventionContext.jsx:135
[    4202ms] [WARNING] WebSocket connection to 'ws://localhost:8000/api/intervention/ws' failed: WebSocket is closed before the connection is established. @ http://localhost:5173/src/context/InterventionContext.jsx:135
[    4248ms] [WARNING] WebSocket connection to 'ws://localhost:8000/api/intervention/ws' failed: WebSocket is closed before the connection is established. @ http://localhost:5173/src/context/InterventionContext.jsx:135
[    4291ms] [WARNING] WebSocket connection to 'ws://localhost:8000/api/intervention/ws' failed: WebSocket is closed before the connection is established. @ http://localhost:5173/src/context/InterventionContext.jsx:135
[    4315ms] [WARNING] WebSocket connection to 'ws://localhost:8000/api/intervention/ws' failed: WebSocket is closed before the connection is established. @ http://localhost:5173/src/context/InterventionContext.jsx:135
[    4334ms] [WARNING] WebSocket connection to 'ws://localhost:8000/api/intervention/ws' failed: WebSocket is closed before the connection is established. @ http://localhost:5173/src/context/InterventionContext.jsx:135
[    4350ms] [WARNING] WebSocket connection to 'ws://localhost:8000/api/intervention/ws' failed: WebSocket is closed before the connection is established. @ http://localhost:5173/src/context/InterventionContext.jsx:135
[    4366ms] [WARNING] WebSocket connection to 'ws://localhost:8000/api/intervention/ws' failed: WebSocket is closed before the connection is established. @ http://localhost:5173/src/context/InterventionContext.jsx:135
[    4380ms] [WARNING] WebSocket connection to 'ws://localhost:8000/api/intervention/ws' failed: WebSocket is closed before the connection is established. @ http://localhost:5173/src/context/InterventionContext.jsx:135
[    4501ms] [WARNING] WebSocket connection to 'ws://localhost:8000/api/intervention/ws' failed: WebSocket is closed before the connection is established. @ http://localhost:5173/src/context/InterventionContext.jsx:135
[    4521ms] [WARNING] WebSocket connection to 'ws://localhost:8000/api/intervention/ws' failed: WebSocket is closed before the connection is established. @ http://localhost:5173/src/context/InterventionContext.jsx:135
[    4543ms] [WARNING] WebSocket connection to 'ws://localhost:8000/api/intervention/ws' failed: WebSocket is closed before the connection is established. @ http://localhost:5173/src/context/InterventionContext.jsx:135
[    4563ms] [WARNING] WebSocket connection to 'ws://localhost:8000/api/intervention/ws' failed: WebSocket is closed before the connection is established. @ http://localhost:5173/src/context/InterventionContext.jsx:135
[    4589ms] [WARNING] WebSocket connection to 'ws://localhost:8000/api/intervention/ws' failed: WebSocket is closed before the connection is established. @ http://localhost:5173/src/context/InterventionContext.jsx:135
[    4611ms] [WARNING] WebSocket connection to 'ws://localhost:8000/api/intervention/ws' failed: WebSocket is closed before the connection is established. @ http://localhost:5173/src/context/InterventionContext.jsx:135
[    4634ms] [WARNING] WebSocket connection to 'ws://localhost:8000/api/intervention/ws' failed: WebSocket is closed before the connection is established. @ http://localhost:5173/src/context/InterventionContext.jsx:135
[    4659ms] [WARNING] WebSocket connection to 'ws://localhost:8000/api/intervention/ws' failed: WebSocket is closed before the connection is established. @ http://localhost:5173/src/context/InterventionContext.jsx:135
[    4683ms] [WARNING] WebSocket connection to 'ws://localhost:8000/api/intervention/ws' failed: WebSocket is closed before the connection is established. @ http://localhost:5173/src/context/InterventionContext.jsx:135
[    4707ms] [WARNING] WebSocket connection to 'ws://localhost:8000/api/intervention/ws' failed: WebSocket is closed before the connection is established. @ http://localhost:5173/src/context/InterventionContext.jsx:135
[    4726ms] [WARNING] WebSocket connection to 'ws://localhost:8000/api/intervention/ws' failed: WebSocket is closed before the connection is established. @ http://localhost:5173/src/context/InterventionContext.jsx:135
[    4743ms] [WARNING] WebSocket connection to 'ws://localhost:8000/api/intervention/ws' failed: WebSocket is closed before the connection is established. @ http://localhost:5173/src/context/InterventionContext.jsx:135
[    4756ms] [WARNING] WebSocket connection to 'ws://localhost:8000/api/intervention/ws' failed: WebSocket is closed before the connection is established. @ http://localhost:5173/src/context/InterventionContext.jsx:135
[    4770ms] [WARNING] WebSocket connection to 'ws://localhost:8000/api/intervention/ws' failed: WebSocket is closed before the connection is established. @ http://localhost:5173/src/context/InterventionContext.jsx:135
[    4789ms] [WARNING] WebSocket connection to 'ws://localhost:8000/api/intervention/ws' failed: WebSocket is closed before the connection is established. @ http://localhost:5173/src/context/InterventionContext.jsx:135
[    4803ms] [WARNING] WebSocket connection to 'ws://localhost:8000/api/intervention/ws' failed: WebSocket is closed before the connection is established. @ http://localhost:5173/src/context/InterventionContext.jsx:135
[    4823ms] [WARNING] WebSocket connection to 'ws://localhost:8000/api/intervention/ws' failed: WebSocket is closed before the connection is established. @ http://localhost:5173/src/context/InterventionContext.jsx:135
[    4848ms] [WARNING] WebSocket connection to 'ws://localhost:8000/api/intervention/ws' failed: WebSocket is closed before the connection is established. @ http://localhost:5173/src/context/InterventionContext.jsx:135
[    4873ms] [WARNING] WebSocket connection to 'ws://localhost:8000/api/intervention/ws' failed: WebSocket is closed before the connection is established. @ http://localhost:5173/src/context/InterventionContext.jsx:135
[    4901ms] [WARNING] WebSocket connection to 'ws://localhost:8000/api/intervention/ws' failed: WebSocket is closed before the connection is established. @ http://localhost:5173/src/context/InterventionContext.jsx:135
[    4927ms] [WARNING] WebSocket connection to 'ws://localhost:8000/api/intervention/ws' failed: WebSocket is closed before the connection is established. @ http://localhost:5173/src/context/InterventionContext.jsx:135
[    4949ms] [WARNING] WebSocket connection to 'ws://localhost:8000/api/intervention/ws' failed: WebSocket is closed before the connection is established. @ http://localhost:5173/src/context/InterventionContext.jsx:135
[    4980ms] [WARNING] WebSocket connection to 'ws://localhost:8000/api/intervention/ws' failed: WebSocket is closed before the connection is established. @ http://localhost:5173/src/context/InterventionContext.jsx:135
[    4995ms] [WARNING] WebSocket connection to 'ws://localhost:8000/api/intervention/ws' failed: WebSocket is closed before the connection is established. @ http://localhost:5173/src/context/InterventionContext.jsx:135
[    5009ms] [WARNING] WebSocket connection to 'ws://localhost:8000/api/intervention/ws' failed: WebSocket is closed before the connection is established. @ http://localhost:5173/src/context/InterventionContext.jsx:135
[    5032ms] [WARNING] WebSocket connection to 'ws://localhost:8000/api/intervention/ws' failed: WebSocket is closed before the connection is established. @ http://localhost:5173/src/context/InterventionContext.jsx:135
[    5050ms] [WARNING] WebSocket connection to 'ws://localhost:8000/api/intervention/ws' failed: WebSocket is closed before the connection is established. @ http://localhost:5173/src/context/InterventionContext.jsx:135
[    5064ms] [WARNING] WebSocket connection to 'ws://localhost:8000/api/intervention/ws' failed: WebSocket is closed before the connection is established. @ http://localhost:5173/src/context/InterventionContext.jsx:135
[    5083ms] [WARNING] WebSocket connection to 'ws://localhost:8000/api/intervention/ws' failed: WebSocket is closed before the connection is established. @ http://localhost:5173/src/context/InterventionContext.jsx:135
[    5096ms] [WARNING] WebSocket connection to 'ws://localhost:8000/api/intervention/ws' failed: WebSocket is closed before the connection is established. @ http://localhost:5173/src/context/InterventionContext.jsx:135
[    5109ms] [WARNING] WebSocket connection to 'ws://localhost:8000/api/intervention/ws' failed: WebSocket is closed before the connection is established. @ http://localhost:5173/src/context/InterventionContext.jsx:135
[    5124ms] [WARNING] WebSocket connection to 'ws://localhost:8000/api/intervention/ws' failed: WebSocket is closed before the connection is established. @ http://localhost:5173/src/context/InterventionContext.jsx:135
[    5139ms] [WARNING] WebSocket connection to 'ws://localhost:8000/api/intervention/ws' failed: WebSocket is closed before the connection is established. @ http://localhost:5173/src/context/InterventionContext.jsx:135
[    5163ms] [WARNING] WebSocket connection to 'ws://localhost:8000/api/intervention/ws' failed: WebSocket is closed before the connection is established. @ http://localhost:5173/src/context/InterventionContext.jsx:135
[    5186ms] [WARNING] WebSocket connection to 'ws://localhost:8000/api/intervention/ws' failed: WebSocket is closed before the connection is established. @ http://localhost:5173/src/context/InterventionContext.jsx:135
[    5208ms] [WARNING] WebSocket connection to 'ws://localhost:8000/api/intervention/ws' failed: WebSocket is closed before the connection is established. @ http://localhost:5173/src/context/InterventionContext.jsx:135
[    5233ms] [WARNING] WebSocket connection to 'ws://localhost:8000/api/intervention/ws' failed: WebSocket is closed before the connection is established. @ http://localhost:5173/src/context/InterventionContext.jsx:135
[    5257ms] [WARNING] WebSocket connection to 'ws://localhost:8000/api/intervention/ws' failed: WebSocket is closed before the connection is established. @ http://localhost:5173/src/context/InterventionContext.jsx:135
[    5354ms] [WARNING] WebSocket connection to 'ws://localhost:8000/api/intervention/ws' failed: WebSocket is closed before the connection is established. @ http://localhost:5173/src/context/InterventionContext.jsx:135
[    5366ms] [WARNING] WebSocket connection to 'ws://localhost:8000/api/intervention/ws' failed: WebSocket is closed before the connection is established. @ http://localhost:5173/src/context/InterventionContext.jsx:135
[    5383ms] [WARNING] WebSocket connection to 'ws://localhost:8000/api/intervention/ws' failed: WebSocket is closed before the connection is established. @ http://localhost:5173/src/context/InterventionContext.jsx:135
[    5510ms] [WARNING] WebSocket connection to 'ws://localhost:8000/api/intervention/ws' failed: WebSocket is closed before the connection is established. @ http://localhost:5173/src/context/InterventionContext.jsx:135
[    5963ms] [WARNING] WebSocket connection to 'ws://localhost:8000/api/intervention/ws' failed: WebSocket is closed before the connection is established. @ http://localhost:5173/src/context/InterventionContext.jsx:135
[    6020ms] [WARNING] WebSocket connection to 'ws://localhost:8000/api/intervention/ws' failed: WebSocket is closed before the connection is established. @ http://localhost:5173/src/context/InterventionContext.jsx:135
[    6046ms] [WARNING] WebSocket connection to 'ws://localhost:8000/api/intervention/ws' failed: WebSocket is closed before the connection is established. @ http://localhost:5173/src/context/InterventionContext.jsx:135
[    6086ms] [WARNING] WebSocket connection to 'ws://localhost:8000/api/intervention/ws' failed: WebSocket is closed before the connection is established. @ http://localhost:5173/src/context/InterventionContext.jsx:135
[    6105ms] [WARNING] WebSocket connection to 'ws://localhost:8000/api/intervention/ws' failed: WebSocket is closed before the connection is established. @ http://localhost:5173/src/context/InterventionContext.jsx:135
[    6145ms] [WARNING] WebSocket connection to 'ws://localhost:8000/api/intervention/ws' failed: WebSocket is closed before the connection is established. @ http://localhost:5173/src/context/InterventionContext.jsx:135
[    6175ms] [WARNING] WebSocket connection to 'ws://localhost:8000/api/intervention/ws' failed: WebSocket is closed before the connection is established. @ http://localhost:5173/src/context/InterventionContext.jsx:135
[    6209ms] [WARNING] WebSocket connection to 'ws://localhost:8000/api/intervention/ws' failed: WebSocket is closed before the connection is established. @ http://localhost:5173/src/context/InterventionContext.jsx:135
[    6253ms] [WARNING] WebSocket connection to 'ws://localhost:8000/api/intervention/ws' failed: WebSocket is closed before the connection is established. @ http://localhost:5173/src/context/InterventionContext.jsx:135
[    6328ms] [WARNING] WebSocket connection to 'ws://localhost:8000/api/intervention/ws' failed: WebSocket is closed before the connection is established. @ http://localhost:5173/src/context/InterventionContext.jsx:135
[    6385ms] [WARNING] WebSocket connection to 'ws://localhost:8000/api/intervention/ws' failed: WebSocket is closed before the connection is established. @ http://localhost:5173/src/context/InterventionContext.jsx:135
[    6423ms] [WARNING] WebSocket connection to 'ws://localhost:8000/api/intervention/ws' failed: WebSocket is closed before the connection is established. @ http://localhost:5173/src/context/InterventionContext.jsx:135
[    6454ms] [WARNING] WebSocket connection to 'ws://localhost:8000/api/intervention/ws' failed: WebSocket is closed before the connection is established. @ http://localhost:5173/src/context/InterventionContext.jsx:135
[    6482ms] [WARNING] WebSocket connection to 'ws://localhost:8000/api/intervention/ws' failed: WebSocket is closed before the connection is established. @ http://localhost:5173/src/context/InterventionContext.jsx:135
[    6508ms] [WARNING] WebSocket connection to 'ws://localhost:8000/api/intervention/ws' failed: WebSocket is closed before the connection is established. @ http://localhost:5173/src/context/InterventionContext.jsx:135
[    6533ms] [WARNING] WebSocket connection to 'ws://localhost:8000/api/intervention/ws' failed: WebSocket is closed before the connection is established. @ http://localhost:5173/src/context/InterventionContext.jsx:135
[    6563ms] [WARNING] WebSocket connection to 'ws://localhost:8000/api/intervention/ws' failed: WebSocket is closed before the connection is established. @ http://localhost:5173/src/context/InterventionContext.jsx:135
[    6590ms] [WARNING] WebSocket connection to 'ws://localhost:8000/api/intervention/ws' failed: WebSocket is closed before the connection is established. @ http://localhost:5173/src/context/InterventionContext.jsx:135
[    6613ms] [WARNING] WebSocket connection to 'ws://localhost:8000/api/intervention/ws' failed: WebSocket is closed before the connection is established. @ http://localhost:5173/src/context/InterventionContext.jsx:135
[    6650ms] [WARNING] WebSocket connection to 'ws://localhost:8000/api/intervention/ws' failed: WebSocket is closed before the connection is established. @ http://localhost:5173/src/context/InterventionContext.jsx:135
[    6679ms] [WARNING] WebSocket connection to 'ws://localhost:8000/api/intervention/ws' failed: WebSocket is closed before the connection is established. @ http://localhost:5173/src/context/InterventionContext.jsx:135
[    6765ms] [WARNING] WebSocket connection to 'ws://localhost:8000/api/intervention/ws' failed: WebSocket is closed before the connection is established. @ http://localhost:5173/src/context/InterventionContext.jsx:135
[    6857ms] [WARNING] WebSocket connection to 'ws://localhost:8000/api/intervention/ws' failed: WebSocket is closed before the connection is established. @ http://localhost:5173/src/context/InterventionContext.jsx:135
[    6902ms] [WARNING] WebSocket connection to 'ws://localhost:8000/api/intervention/ws' failed: WebSocket is closed before the connection is established. @ http://localhost:5173/src/context/InterventionContext.jsx:135
[    6983ms] [WARNING] WebSocket connection to 'ws://localhost:8000/api/intervention/ws' failed: WebSocket is closed before the connection is established. @ http://localhost:5173/src/context/InterventionContext.jsx:135
[    7009ms] [WARNING] WebSocket connection to 'ws://localhost:8000/api/intervention/ws' failed: WebSocket is closed before the connection is established. @ http://localhost:5173/src/context/InterventionContext.jsx:135
[    7034ms] [WARNING] WebSocket connection to 'ws://localhost:8000/api/intervention/ws' failed: WebSocket is closed before the connection is established. @ http://localhost:5173/src/context/InterventionContext.jsx:135
[    9330ms] [WARNING] WebSocket connection to 'ws://localhost:8000/api/intervention/ws' failed: WebSocket is closed before the connection is established. @ http://localhost:5173/src/context/InterventionContext.jsx:135
[   10839ms] [WARNING] WebSocket connection to 'ws://localhost:8000/api/intervention/ws' failed: WebSocket is closed before the connection is established. @ http://localhost:5173/src/context/InterventionContext.jsx:135
[   10864ms] [WARNING] WebSocket connection to 'ws://localhost:8000/api/intervention/ws' failed: WebSocket is closed before the connection is established. @ http://localhost:5173/src/context/InterventionContext.jsx:135
[   10906ms] [WARNING] WebSocket connection to 'ws://localhost:8000/api/intervention/ws' failed: WebSocket is closed before the connection is established. @ http://localhost:5173/src/context/InterventionContext.jsx:135
[   10930ms] [WARNING] WebSocket connection to 'ws://localhost:8000/api/intervention/ws' failed: WebSocket is closed before the connection is established. @ http://localhost:5173/src/context/InterventionContext.jsx:135
[   10954ms] [WARNING] WebSocket connection to 'ws://localhost:8000/api/intervention/ws' failed: WebSocket is closed before the connection is established. @ http://localhost:5173/src/context/InterventionContext.jsx:135
[   11018ms] [WARNING] WebSocket connection to 'ws://localhost:8000/api/intervention/ws' failed: WebSocket is closed before the connection is established. @ http://localhost:5173/src/context/InterventionContext.jsx:135
[   11041ms] [WARNING] WebSocket connection to 'ws://localhost:8000/api/intervention/ws' failed: WebSocket is closed before the connection is established. @ http://localhost:5173/src/context/InterventionContext.jsx:135
[   11056ms] [WARNING] WebSocket connection to 'ws://localhost:8000/api/intervention/ws' failed: WebSocket is closed before the connection is established. @ http://localhost:5173/src/context/InterventionContext.jsx:135
[   11079ms] [WARNING] WebSocket connection to 'ws://localhost:8000/api/intervention/ws' failed: WebSocket is closed before the connection is established. @ http://localhost:5173/src/context/InterventionContext.jsx:135
[   11099ms] [WARNING] WebSocket connection to 'ws://localhost:8000/api/intervention/ws' failed: WebSocket is closed before the connection is established. @ http://localhost:5173/src/context/InterventionContext.jsx:135
[   11133ms] [WARNING] WebSocket connection to 'ws://localhost:8000/api/intervention/ws' failed: WebSocket is closed before the connection is established. @ http://localhost:5173/src/context/InterventionContext.jsx:135
[   11246ms] [WARNING] WebSocket connection to 'ws://localhost:8000/api/intervention/ws' failed: WebSocket is closed before the connection is established. @ http://localhost:5173/src/context/InterventionContext.jsx:135
[   11283ms] [WARNING] WebSocket connection to 'ws://localhost:8000/api/intervention/ws' failed: WebSocket is closed before the connection is established. @ http://localhost:5173/src/context/InterventionContext.jsx:135
[   11390ms] [WARNING] WebSocket connection to 'ws://localhost:8000/api/intervention/ws' failed: WebSocket is closed before the connection is established. @ http://localhost:5173/src/context/InterventionContext.jsx:135
[   11410ms] [WARNING] WebSocket connection to 'ws://localhost:8000/api/intervention/ws' failed: WebSocket is closed before the connection is established. @ http://localhost:5173/src/context/InterventionContext.jsx:135
[   11429ms] [WARNING] WebSocket connection to 'ws://localhost:8000/api/intervention/ws' failed: WebSocket is closed before the connection is established. @ http://localhost:5173/src/context/InterventionContext.jsx:135
[   11454ms] [WARNING] WebSocket connection to 'ws://localhost:8000/api/intervention/ws' failed: WebSocket is closed before the connection is established. @ http://localhost:5173/src/context/InterventionContext.jsx:135
[   11473ms] [WARNING] WebSocket connection to 'ws://localhost:8000/api/intervention/ws' failed: WebSocket is closed before the connection is established. @ http://localhost:5173/src/context/InterventionContext.jsx:135
[   11494ms] [WARNING] WebSocket connection to 'ws://localhost:8000/api/intervention/ws' failed: WebSocket is closed before the connection is established. @ http://localhost:5173/src/context/InterventionContext.jsx:135
[   11525ms] [WARNING] WebSocket connection to 'ws://localhost:8000/api/intervention/ws' failed: WebSocket is closed before the connection is established. @ http://localhost:5173/src/context/InterventionContext.jsx:135
[   11555ms] [WARNING] WebSocket connection to 'ws://localhost:8000/api/intervention/ws' failed: WebSocket is closed before the connection is established. @ http://localhost:5173/src/context/InterventionContext.jsx:135
[   11572ms] [WARNING] WebSocket connection to 'ws://localhost:8000/api/intervention/ws' failed: WebSocket is closed before the connection is established. @ http://localhost:5173/src/context/InterventionContext.jsx:135
[   11588ms] [WARNING] WebSocket connection to 'ws://localhost:8000/api/intervention/ws' failed: WebSocket is closed before the connection is established. @ http://localhost:5173/src/context/InterventionContext.jsx:135
[   11604ms] [WARNING] WebSocket connection to 'ws://localhost:8000/api/intervention/ws' failed: WebSocket is closed before the connection is established. @ http://localhost:5173/src/context/InterventionContext.jsx:135
[   11620ms] [WARNING] WebSocket connection to 'ws://localhost:8000/api/intervention/ws' failed: WebSocket is closed before the connection is established. @ http://localhost:5173/src/context/InterventionContext.jsx:135
[   11636ms] [WARNING] WebSocket connection to 'ws://localhost:8000/api/intervention/ws' failed: WebSocket is closed before the connection is established. @ http://localhost:5173/src/context/InterventionContext.jsx:135
[   11650ms] [WARNING] WebSocket connection to 'ws://localhost:8000/api/intervention/ws' failed: WebSocket is closed before the connection is established. @ http://localhost:5173/src/context/InterventionContext.jsx:135
[   11667ms] [WARNING] WebSocket connection to 'ws://localhost:8000/api/intervention/ws' failed: WebSocket is closed before the connection is established. @ http://localhost:5173/src/context/InterventionContext.jsx:135
[   11681ms] [WARNING] WebSocket connection to 'ws://localhost:8000/api/intervention/ws' failed: WebSocket is closed before the connection is established. @ http://localhost:5173/src/context/InterventionContext.jsx:135
[   11695ms] [WARNING] WebSocket connection to 'ws://localhost:8000/api/intervention/ws' failed: WebSocket is closed before the connection is established. @ http://localhost:5173/src/context/InterventionContext.jsx:135
[   11714ms] [WARNING] WebSocket connection to 'ws://localhost:8000/api/intervention/ws' failed: WebSocket is closed before the connection is established. @ http://localhost:5173/src/context/InterventionContext.jsx:135
[   11730ms] [WARNING] WebSocket connection to 'ws://localhost:8000/api/intervention/ws' failed: WebSocket is closed before the connection is established. @ http://localhost:5173/src/context/InterventionContext.jsx:135
[   11747ms] [WARNING] WebSocket connection to 'ws://localhost:8000/api/intervention/ws' failed: WebSocket is closed before the connection is established. @ http://localhost:5173/src/context/InterventionContext.jsx:135
[   11760ms] [WARNING] WebSocket connection to 'ws://localhost:8000/api/intervention/ws' failed: WebSocket is closed before the connection is established. @ http://localhost:5173/src/context/InterventionContext.jsx:135
[   11777ms] [WARNING] WebSocket connection to 'ws://localhost:8000/api/intervention/ws' failed: WebSocket is closed before the connection is established. @ http://localhost:5173/src/context/InterventionContext.jsx:135
[   11793ms] [WARNING] WebSocket connection to 'ws://localhost:8000/api/intervention/ws' failed: WebSocket is closed before the connection is established. @ http://localhost:5173/src/context/InterventionContext.jsx:135
[   11811ms] [WARNING] WebSocket connection to 'ws://localhost:8000/api/intervention/ws' failed: WebSocket is closed before the connection is established. @ http://localhost:5173/src/context/InterventionContext.jsx:135
[   11825ms] [WARNING] WebSocket connection to 'ws://localhost:8000/api/intervention/ws' failed: WebSocket is closed before the connection is established. @ http://localhost:5173/src/context/InterventionContext.jsx:135
[   11840ms] [WARNING] WebSocket connection to 'ws://localhost:8000/api/intervention/ws' failed: WebSocket is closed before the connection is established. @ http://localhost:5173/src/context/InterventionContext.jsx:135
[   11853ms] [WARNING] WebSocket connection to 'ws://localhost:8000/api/intervention/ws' failed: WebSocket is closed before the connection is established. @ http://localhost:5173/src/context/InterventionContext.jsx:135
[   11870ms] [WARNING] WebSocket connection to 'ws://localhost:8000/api/intervention/ws' failed: WebSocket is closed before the connection is established. @ http://localhost:5173/src/context/InterventionContext.jsx:135
[   11886ms] [WARNING] WebSocket connection to 'ws://localhost:8000/api/intervention/ws' failed: WebSocket is closed before the connection is established. @ http://localhost:5173/src/context/InterventionContext.jsx:135
[   11899ms] [WARNING] WebSocket connection to 'ws://localhost:8000/api/intervention/ws' failed: WebSocket is closed before the connection is established. @ http://localhost:5173/src/context/InterventionContext.jsx:135
[   11914ms] [WARNING] WebSocket connection to 'ws://localhost:8000/api/intervention/ws' failed: WebSocket is closed before the connection is established. @ http://localhost:5173/src/context/InterventionContext.jsx:135
[   11936ms] [WARNING] WebSocket connection to 'ws://localhost:8000/api/intervention/ws' failed: WebSocket is closed before the connection is established. @ http://localhost:5173/src/context/InterventionContext.jsx:135
[   11957ms] [WARNING] WebSocket connection to 'ws://localhost:8000/api/intervention/ws' failed: WebSocket is closed before the connection is established. @ http://localhost:5173/src/context/InterventionContext.jsx:135
[   11977ms] [WARNING] WebSocket connection to 'ws://localhost:8000/api/intervention/ws' failed: WebSocket is closed before the connection is established. @ http://localhost:5173/src/context/InterventionContext.jsx:135
[   12047ms] [WARNING] WebSocket connection to 'ws://localhost:8000/api/intervention/ws' failed: WebSocket is closed before the connection is established. @ http://localhost:5173/src/context/InterventionContext.jsx:135
[   12100ms] [WARNING] WebSocket connection to 'ws://localhost:8000/api/intervention/ws' failed: WebSocket is closed before the connection is established. @ http://localhost:5173/src/context/InterventionContext.jsx:135
[   12133ms] [WARNING] WebSocket connection to 'ws://localhost:8000/api/intervention/ws' failed: WebSocket is closed before the connection is established. @ http://localhost:5173/src/context/InterventionContext.jsx:135
[   12174ms] [WARNING] WebSocket connection to 'ws://localhost:8000/api/intervention/ws' failed: WebSocket is closed before the connection is established. @ http://localhost:5173/src/context/InterventionContext.jsx:135
[   12206ms] [WARNING] WebSocket connection to 'ws://localhost:8000/api/intervention/ws' failed: WebSocket is closed before the connection is established. @ http://localhost:5173/src/context/InterventionContext.jsx:135
[   12239ms] [WARNING] WebSocket connection to 'ws://localhost:8000/api/intervention/ws' failed: WebSocket is closed before the connection is established. @ http://localhost:5173/src/context/InterventionContext.jsx:135
[   12261ms] [WARNING] WebSocket connection to 'ws://localhost:8000/api/intervention/ws' failed: WebSocket is closed before the connection is established. @ http://localhost:5173/src/context/InterventionContext.jsx:135
[   12281ms] [WARNING] WebSocket connection to 'ws://localhost:8000/api/intervention/ws' failed: WebSocket is closed before the connection is established. @ http://localhost:5173/src/context/InterventionContext.jsx:135
[   12302ms] [WARNING] WebSocket connection to 'ws://localhost:8000/api/intervention/ws' failed: WebSocket is closed before the connection is established. @ http://localhost:5173/src/context/InterventionContext.jsx:135
[   12323ms] [WARNING] WebSocket connection to 'ws://localhost:8000/api/intervention/ws' failed: WebSocket is closed before the connection is established. @ http://localhost:5173/src/context/InterventionContext.jsx:135
[   12350ms] [WARNING] WebSocket connection to 'ws://localhost:8000/api/intervention/ws' failed: WebSocket is closed before the connection is established. @ http://localhost:5173/src/context/InterventionContext.jsx:135
[   12369ms] [WARNING] WebSocket connection to 'ws://localhost:8000/api/intervention/ws' failed: WebSocket is closed before the connection is established. @ http://localhost:5173/src/context/InterventionContext.jsx:135
[   12413ms] [WARNING] WebSocket connection to 'ws://localhost:8000/api/intervention/ws' failed: WebSocket is closed before the connection is established. @ http://localhost:5173/src/context/InterventionContext.jsx:135
[   12435ms] [WARNING] WebSocket connection to 'ws://localhost:8000/api/intervention/ws' failed: WebSocket is closed before the connection is established. @ http://localhost:5173/src/context/InterventionContext.jsx:135
[   12454ms] [WARNING] WebSocket connection to 'ws://localhost:8000/api/intervention/ws' failed: WebSocket is closed before the connection is established. @ http://localhost:5173/src/context/InterventionContext.jsx:135
[   12476ms] [WARNING] WebSocket connection to 'ws://localhost:8000/api/intervention/ws' failed: WebSocket is closed before the connection is established. @ http://localhost:5173/src/context/InterventionContext.jsx:135
[   12498ms] [WARNING] WebSocket connection to 'ws://localhost:8000/api/intervention/ws' failed: WebSocket is closed before the connection is established. @ http://localhost:5173/src/context/InterventionContext.jsx:135
[   12519ms] [WARNING] WebSocket connection to 'ws://localhost:8000/api/intervention/ws' failed: WebSocket is closed before the connection is established. @ http://localhost:5173/src/context/InterventionContext.jsx:135
[   12545ms] [WARNING] WebSocket connection to 'ws://localhost:8000/api/intervention/ws' failed: WebSocket is closed before the connection is established. @ http://localhost:5173/src/context/InterventionContext.jsx:135
[   12568ms] [WARNING] WebSocket connection to 'ws://localhost:8000/api/intervention/ws' failed: WebSocket is closed before the connection is established. @ http://localhost:5173/src/context/InterventionContext.jsx:135
[   12589ms] [WARNING] WebSocket connection to 'ws://localhost:8000/api/intervention/ws' failed: WebSocket is closed before the connection is established. @ http://localhost:5173/src/context/InterventionContext.jsx:135
[   12611ms] [WARNING] WebSocket connection to 'ws://localhost:8000/api/intervention/ws' failed: WebSocket is closed before the connection is established. @ http://localhost:5173/src/context/InterventionContext.jsx:135
[   12631ms] [WARNING] WebSocket connection to 'ws://localhost:8000/api/intervention/ws' failed: WebSocket is closed before the connection is established. @ http://localhost:5173/src/context/InterventionContext.jsx:135
[   12672ms] [WARNING] WebSocket connection to 'ws://localhost:8000/api/intervention/ws' failed: WebSocket is closed before the connection is established. @ http://localhost:5173/src/context/InterventionContext.jsx:135
[   12696ms] [WARNING] WebSocket connection to 'ws://localhost:8000/api/intervention/ws' failed: WebSocket is closed before the connection is established. @ http://localhost:5173/src/context/InterventionContext.jsx:135
[   12720ms] [WARNING] WebSocket connection to 'ws://localhost:8000/api/intervention/ws' failed: WebSocket is closed before the connection is established. @ http://localhost:5173/src/context/InterventionContext.jsx:135
[   12743ms] [WARNING] WebSocket connection to 'ws://localhost:8000/api/intervention/ws' failed: WebSocket is closed before the connection is established. @ http://localhost:5173/src/context/InterventionContext.jsx:135
[   12766ms] [WARNING] WebSocket connection to 'ws://localhost:8000/api/intervention/ws' failed: WebSocket is closed before the connection is established. @ http://localhost:5173/src/context/InterventionContext.jsx:135
[   12788ms] [WARNING] WebSocket connection to 'ws://localhost:8000/api/intervention/ws' failed: WebSocket is closed before the connection is established. @ http://localhost:5173/src/context/InterventionContext.jsx:135
[   12815ms] [WARNING] WebSocket connection to 'ws://localhost:8000/api/intervention/ws' failed: WebSocket is closed before the connection is established. @ http://localhost:5173/src/context/InterventionContext.jsx:135
[   12843ms] [WARNING] WebSocket connection to 'ws://localhost:8000/api/intervention/ws' failed: WebSocket is closed before the connection is established. @ http://localhost:5173/src/context/InterventionContext.jsx:135
[   13011ms] [WARNING] WebSocket connection to 'ws://localhost:8000/api/intervention/ws' failed: WebSocket is closed before the connection is established. @ http://localhost:5173/src/context/InterventionContext.jsx:135
[   13032ms] [WARNING] WebSocket connection to 'ws://localhost:8000/api/intervention/ws' failed: WebSocket is closed before the connection is established. @ http://localhost:5173/src/context/InterventionContext.jsx:135
[   13062ms] [WARNING] WebSocket connection to 'ws://localhost:8000/api/intervention/ws' failed: WebSocket is closed before the connection is established. @ http://localhost:5173/src/context/InterventionContext.jsx:135
[   13099ms] [WARNING] WebSocket connection to 'ws://localhost:8000/api/intervention/ws' failed: WebSocket is closed before the connection is established. @ http://localhost:5173/src/context/InterventionContext.jsx:135
[   13136ms] [WARNING] WebSocket connection to 'ws://localhost:8000/api/intervention/ws' failed: WebSocket is closed before the connection is established. @ http://localhost:5173/src/context/InterventionContext.jsx:135
[   13213ms] [WARNING] WebSocket connection to 'ws://localhost:8000/api/intervention/ws' failed: WebSocket is closed before the connection is established. @ http://localhost:5173/src/context/InterventionContext.jsx:135
[   13240ms] [WARNING] WebSocket connection to 'ws://localhost:8000/api/intervention/ws' failed: WebSocket is closed before the connection is established. @ http://localhost:5173/src/context/InterventionContext.jsx:135
[   13269ms] [WARNING] WebSocket connection to 'ws://localhost:8000/api/intervention/ws' failed: WebSocket is closed before the connection is established. @ http://localhost:5173/src/context/InterventionContext.jsx:135
[   13293ms] [WARNING] WebSocket connection to 'ws://localhost:8000/api/intervention/ws' failed: WebSocket is closed before the connection is established. @ http://localhost:5173/src/context/InterventionContext.jsx:135
[   13316ms] [WARNING] WebSocket connection to 'ws://localhost:8000/api/intervention/ws' failed: WebSocket is closed before the connection is established. @ http://localhost:5173/src/context/InterventionContext.jsx:135
[   13339ms] [WARNING] WebSocket connection to 'ws://localhost:8000/api/intervention/ws' failed: WebSocket is closed before the connection is established. @ http://localhost:5173/src/context/InterventionContext.jsx:135
[   13357ms] [WARNING] WebSocket connection to 'ws://localhost:8000/api/intervention/ws' failed: WebSocket is closed before the connection is established. @ http://localhost:5173/src/context/InterventionContext.jsx:135
[   13383ms] [WARNING] WebSocket connection to 'ws://localhost:8000/api/intervention/ws' failed: WebSocket is closed before the connection is established. @ http://localhost:5173/src/context/InterventionContext.jsx:135
[   13417ms] [WARNING] WebSocket connection to 'ws://localhost:8000/api/intervention/ws' failed: WebSocket is closed before the connection is established. @ http://localhost:5173/src/context/InterventionContext.jsx:135
[   13435ms] [WARNING] WebSocket connection to 'ws://localhost:8000/api/intervention/ws' failed: WebSocket is closed before the connection is established. @ http://localhost:5173/src/context/InterventionContext.jsx:135
[   13454ms] [WARNING] WebSocket connection to 'ws://localhost:8000/api/intervention/ws' failed: WebSocket is closed before the connection is established. @ http://localhost:5173/src/context/InterventionContext.jsx:135
[   13478ms] [WARNING] WebSocket connection to 'ws://localhost:8000/api/intervention/ws' failed: WebSocket is closed before the connection is established. @ http://localhost:5173/src/context/InterventionContext.jsx:135
[   13503ms] [WARNING] WebSocket connection to 'ws://localhost:8000/api/intervention/ws' failed: WebSocket is closed before the connection is established. @ http://localhost:5173/src/context/InterventionContext.jsx:135
[   13525ms] [WARNING] WebSocket connection to 'ws://localhost:8000/api/intervention/ws' failed: WebSocket is closed before the connection is established. @ http://localhost:5173/src/context/InterventionContext.jsx:135
[   13542ms] [WARNING] WebSocket connection to 'ws://localhost:8000/api/intervention/ws' failed: WebSocket is closed before the connection is established. @ http://localhost:5173/src/context/InterventionContext.jsx:135
[   13557ms] [WARNING] WebSocket connection to 'ws://localhost:8000/api/intervention/ws' failed: WebSocket is closed before the connection is established. @ http://localhost:5173/src/context/InterventionContext.jsx:135
[   13576ms] [WARNING] WebSocket connection to 'ws://localhost:8000/api/intervention/ws' failed: WebSocket is closed before the connection is established. @ http://localhost:5173/src/context/InterventionContext.jsx:135
[   13595ms] [WARNING] WebSocket connection to 'ws://localhost:8000/api/intervention/ws' failed: WebSocket is closed before the connection is established. @ http://localhost:5173/src/context/InterventionContext.jsx:135
[   13612ms] [WARNING] WebSocket connection to 'ws://localhost:8000/api/intervention/ws' failed: WebSocket is closed before the connection is established. @ http://localhost:5173/src/context/InterventionContext.jsx:135
[   13627ms] [WARNING] WebSocket connection to 'ws://localhost:8000/api/intervention/ws' failed: WebSocket is closed before the connection is established. @ http://localhost:5173/src/context/InterventionContext.jsx:135
[   13646ms] [WARNING] WebSocket connection to 'ws://localhost:8000/api/intervention/ws' failed: WebSocket is closed before the connection is established. @ http://localhost:5173/src/context/InterventionContext.jsx:135
[   13664ms] [WARNING] WebSocket connection to 'ws://localhost:8000/api/intervention/ws' failed: WebSocket is closed before the connection is established. @ http://localhost:5173/src/context/InterventionContext.jsx:135
[   13678ms] [WARNING] WebSocket connection to 'ws://localhost:8000/api/intervention/ws' failed: WebSocket is closed before the connection is established. @ http://localhost:5173/src/context/InterventionContext.jsx:135
[   13694ms] [WARNING] WebSocket connection to 'ws://localhost:8000/api/intervention/ws' failed: WebSocket is closed before the connection is established. @ http://localhost:5173/src/context/InterventionContext.jsx:135
[   13711ms] [WARNING] WebSocket connection to 'ws://localhost:8000/api/intervention/ws' failed: WebSocket is closed before the connection is established. @ http://localhost:5173/src/context/InterventionContext.jsx:135
[   13733ms] [WARNING] WebSocket connection to 'ws://localhost:8000/api/intervention/ws' failed: WebSocket is closed before the connection is established. @ http://localhost:5173/src/context/InterventionContext.jsx:135
[   13751ms] [WARNING] WebSocket connection to 'ws://localhost:8000/api/intervention/ws' failed: WebSocket is closed before the connection is established. @ http://localhost:5173/src/context/InterventionContext.jsx:135
[   13767ms] [WARNING] WebSocket connection to 'ws://localhost:8000/api/intervention/ws' failed: WebSocket is closed before the connection is established. @ http://localhost:5173/src/context/InterventionContext.jsx:135
[   13787ms] [WARNING] WebSocket connection to 'ws://localhost:8000/api/intervention/ws' failed: WebSocket is closed before the connection is established. @ http://localhost:5173/src/context/InterventionContext.jsx:135
[   13810ms] [WARNING] WebSocket connection to 'ws://localhost:8000/api/intervention/ws' failed: WebSocket is closed before the connection is established. @ http://localhost:5173/src/context/InterventionContext.jsx:135
[   13832ms] [WARNING] WebSocket connection to 'ws://localhost:8000/api/intervention/ws' failed: WebSocket is closed before the connection is established. @ http://localhost:5173/src/context/InterventionContext.jsx:135
[   13862ms] [WARNING] WebSocket connection to 'ws://localhost:8000/api/intervention/ws' failed: WebSocket is closed before the connection is established. @ http://localhost:5173/src/context/InterventionContext.jsx:135
[   13890ms] [WARNING] WebSocket connection to 'ws://localhost:8000/api/intervention/ws' failed: WebSocket is closed before the connection is established. @ http://localhost:5173/src/context/InterventionContext.jsx:135
[   13917ms] [WARNING] WebSocket connection to 'ws://localhost:8000/api/intervention/ws' failed: WebSocket is closed before the connection is established. @ http://localhost:5173/src/context/InterventionContext.jsx:135
[   13943ms] [WARNING] WebSocket connection to 'ws://localhost:8000/api/intervention/ws' failed: WebSocket is closed before the connection is established. @ http://localhost:5173/src/context/InterventionContext.jsx:135
[   13961ms] [WARNING] WebSocket connection to 'ws://localhost:8000/api/intervention/ws' failed: WebSocket is closed before the connection is established. @ http://localhost:5173/src/context/InterventionContext.jsx:135
[   13978ms] [WARNING] WebSocket connection to 'ws://localhost:8000/api/intervention/ws' failed: WebSocket is closed before the connection is established. @ http://localhost:5173/src/context/InterventionContext.jsx:135
[   14003ms] [WARNING] WebSocket connection to 'ws://localhost:8000/api/intervention/ws' failed: WebSocket is closed before the connection is established. @ http://localhost:5173/src/context/InterventionContext.jsx:135
[   14024ms] [WARNING] WebSocket connection to 'ws://localhost:8000/api/intervention/ws' failed: WebSocket is closed before the connection is established. @ http://localhost:5173/src/context/InterventionContext.jsx:135
[   14046ms] [WARNING] WebSocket connection to 'ws://localhost:8000/api/intervention/ws' failed: WebSocket is closed before the connection is established. @ http://localhost:5173/src/context/InterventionContext.jsx:135
[   14068ms] [WARNING] WebSocket connection to 'ws://localhost:8000/api/intervention/ws' failed: WebSocket is closed before the connection is established. @ http://localhost:5173/src/context/InterventionContext.jsx:135
[   14088ms] [WARNING] WebSocket connection to 'ws://localhost:8000/api/intervention/ws' failed: WebSocket is closed before the connection is established. @ http://localhost:5173/src/context/InterventionContext.jsx:135
[   14102ms] [WARNING] WebSocket connection to 'ws://localhost:8000/api/intervention/ws' failed: WebSocket is closed before the connection is established. @ http://localhost:5173/src/context/InterventionContext.jsx:135
[   14116ms] [WARNING] WebSocket connection to 'ws://localhost:8000/api/intervention/ws' failed: WebSocket is closed before the connection is established. @ http://localhost:5173/src/context/InterventionContext.jsx:135
[   14134ms] [WARNING] WebSocket connection to 'ws://localhost:8000/api/intervention/ws' failed: WebSocket is closed before the connection is established. @ http://localhost:5173/src/context/InterventionContext.jsx:135
[   14153ms] [WARNING] WebSocket connection to 'ws://localhost:8000/api/intervention/ws' failed: WebSocket is closed before the connection is established. @ http://localhost:5173/src/context/InterventionContext.jsx:135
[   14173ms] [WARNING] WebSocket connection to 'ws://localhost:8000/api/intervention/ws' failed: WebSocket is closed before the connection is established. @ http://localhost:5173/src/context/InterventionContext.jsx:135
[   14198ms] [WARNING] WebSocket connection to 'ws://localhost:8000/api/intervention/ws' failed: WebSocket is closed before the connection is established. @ http://localhost:5173/src/context/InterventionContext.jsx:135
[   14219ms] [WARNING] WebSocket connection to 'ws://localhost:8000/api/intervention/ws' failed: WebSocket is closed before the connection is established. @ http://localhost:5173/src/context/InterventionContext.jsx:135
[   14246ms] [WARNING] WebSocket connection to 'ws://localhost:8000/api/intervention/ws' failed: WebSocket is closed before the connection is established. @ http://localhost:5173/src/context/InterventionContext.jsx:135
[   14274ms] [WARNING] WebSocket connection to 'ws://localhost:8000/api/intervention/ws' failed: WebSocket is closed before the connection is established. @ http://localhost:5173/src/context/InterventionContext.jsx:135
[   14327ms] [WARNING] WebSocket connection to 'ws://localhost:8000/api/intervention/ws' failed: WebSocket is closed before the connection is established. @ http://localhost:5173/src/context/InterventionContext.jsx:135
[   14368ms] [WARNING] WebSocket connection to 'ws://localhost:8000/api/intervention/ws' failed: WebSocket is closed before the connection is established. @ http://localhost:5173/src/context/InterventionContext.jsx:135
[   14386ms] [WARNING] WebSocket connection to 'ws://localhost:8000/api/intervention/ws' failed: WebSocket is closed before the connection is established. @ http://localhost:5173/src/context/InterventionContext.jsx:135
[   14402ms] [WARNING] WebSocket connection to 'ws://localhost:8000/api/intervention/ws' failed: WebSocket is closed before the connection is established. @ http://localhost:5173/src/context/InterventionContext.jsx:135
[   14414ms] [WARNING] WebSocket connection to 'ws://localhost:8000/api/intervention/ws' failed: WebSocket is closed before the connection is established. @ http://localhost:5173/src/context/InterventionContext.jsx:135
[   14432ms] [WARNING] WebSocket connection to 'ws://localhost:8000/api/intervention/ws' failed: WebSocket is closed before the connection is established. @ http://localhost:5173/src/context/InterventionContext.jsx:135
[   14449ms] [WARNING] WebSocket connection to 'ws://localhost:8000/api/intervention/ws' failed: WebSocket is closed before the connection is established. @ http://localhost:5173/src/context/InterventionContext.jsx:135
[   14464ms] [WARNING] WebSocket connection to 'ws://localhost:8000/api/intervention/ws' failed: WebSocket is closed before the connection is established. @ http://localhost:5173/src/context/InterventionContext.jsx:135
[   14484ms] [WARNING] WebSocket connection to 'ws://localhost:8000/api/intervention/ws' failed: WebSocket is closed before the connection is established. @ http://localhost:5173/src/context/InterventionContext.jsx:135
[   14498ms] [WARNING] WebSocket connection to 'ws://localhost:8000/api/intervention/ws' failed: WebSocket is closed before the connection is established. @ http://localhost:5173/src/context/InterventionContext.jsx:135
[   14513ms] [WARNING] WebSocket connection to 'ws://localhost:8000/api/intervention/ws' failed: WebSocket is closed before the connection is established. @ http://localhost:5173/src/context/InterventionContext.jsx:135
[   14527ms] [WARNING] WebSocket connection to 'ws://localhost:8000/api/intervention/ws' failed: WebSocket is closed before the connection is established. @ http://localhost:5173/src/context/InterventionContext.jsx:135
[   14543ms] [WARNING] WebSocket connection to 'ws://localhost:8000/api/intervention/ws' failed: WebSocket is closed before the connection is established. @ http://localhost:5173/src/context/InterventionContext.jsx:135
[   14559ms] [WARNING] WebSocket connection to 'ws://localhost:8000/api/intervention/ws' failed: WebSocket is closed before the connection is established. @ http://localhost:5173/src/context/InterventionContext.jsx:135
[   14575ms] [WARNING] WebSocket connection to 'ws://localhost:8000/api/intervention/ws' failed: WebSocket is closed before the connection is established. @ http://localhost:5173/src/context/InterventionContext.jsx:135
[   14594ms] [WARNING] WebSocket connection to 'ws://localhost:8000/api/intervention/ws' failed: WebSocket is closed before the connection is established. @ http://localhost:5173/src/context/InterventionContext.jsx:135
[   14613ms] [WARNING] WebSocket connection to 'ws://localhost:8000/api/intervention/ws' failed: WebSocket is closed before the connection is established. @ http://localhost:5173/src/context/InterventionContext.jsx:135
[   14627ms] [WARNING] WebSocket connection to 'ws://localhost:8000/api/intervention/ws' failed: WebSocket is closed before the connection is established. @ http://localhost:5173/src/context/InterventionContext.jsx:135
[   14643ms] [WARNING] WebSocket connection to 'ws://localhost:8000/api/intervention/ws' failed: WebSocket is closed before the connection is established. @ http://localhost:5173/src/context/InterventionContext.jsx:135
[   14660ms] [WARNING] WebSocket connection to 'ws://localhost:8000/api/intervention/ws' failed: WebSocket is closed before the connection is established. @ http://localhost:5173/src/context/InterventionContext.jsx:135
[   14674ms] [WARNING] WebSocket connection to 'ws://localhost:8000/api/intervention/ws' failed: WebSocket is closed before the connection is established. @ http://localhost:5173/src/context/InterventionContext.jsx:135
[   14691ms] [WARNING] WebSocket connection to 'ws://localhost:8000/api/intervention/ws' failed: WebSocket is closed before the connection is established. @ http://localhost:5173/src/context/InterventionContext.jsx:135
[   14704ms] [WARNING] WebSocket connection to 'ws://localhost:8000/api/intervention/ws' failed: WebSocket is closed before the connection is established. @ http://localhost:5173/src/context/InterventionContext.jsx:135
[   14722ms] [WARNING] WebSocket connection to 'ws://localhost:8000/api/intervention/ws' failed: WebSocket is closed before the connection is established. @ http://localhost:5173/src/context/InterventionContext.jsx:135
[   14736ms] [WARNING] WebSocket connection to 'ws://localhost:8000/api/intervention/ws' failed: WebSocket is closed before the connection is established. @ http://localhost:5173/src/context/InterventionContext.jsx:135
[   14750ms] [WARNING] WebSocket connection to 'ws://localhost:8000/api/intervention/ws' failed: WebSocket is closed before the connection is established. @ http://localhost:5173/src/context/InterventionContext.jsx:135
[   14785ms] [WARNING] WebSocket connection to 'ws://localhost:8000/api/intervention/ws' failed: WebSocket is closed before the connection is established. @ http://localhost:5173/src/context/InterventionContext.jsx:135
[   14818ms] [WARNING] WebSocket connection to 'ws://localhost:8000/api/intervention/ws' failed: WebSocket is closed before the connection is established. @ http://localhost:5173/src/context/InterventionContext.jsx:135
[   14839ms] [WARNING] WebSocket connection to 'ws://localhost:8000/api/intervention/ws' failed: WebSocket is closed before the connection is established. @ http://localhost:5173/src/context/InterventionContext.jsx:135
[   14866ms] [WARNING] WebSocket connection to 'ws://localhost:8000/api/intervention/ws' failed: WebSocket is closed before the connection is established. @ http://localhost:5173/src/context/InterventionContext.jsx:135
[   14893ms] [WARNING] WebSocket connection to 'ws://localhost:8000/api/intervention/ws' failed: WebSocket is closed before the connection is established. @ http://localhost:5173/src/context/InterventionContext.jsx:135
[   14914ms] [WARNING] WebSocket connection to 'ws://localhost:8000/api/intervention/ws' failed: WebSocket is closed before the connection is established. @ http://localhost:5173/src/context/InterventionContext.jsx:135
[   14932ms] [WARNING] WebSocket connection to 'ws://localhost:8000/api/intervention/ws' failed: WebSocket is closed before the connection is established. @ http://localhost:5173/src/context/InterventionContext.jsx:135
[   14958ms] [WARNING] WebSocket connection to 'ws://localhost:8000/api/intervention/ws' failed: WebSocket is closed before the connection is established. @ http://localhost:5173/src/context/InterventionContext.jsx:135
[   14979ms] [WARNING] WebSocket connection to 'ws://localhost:8000/api/intervention/ws' failed: WebSocket is closed before the connection is established. @ http://localhost:5173/src/context/InterventionContext.jsx:135
[   15012ms] [WARNING] WebSocket connection to 'ws://localhost:8000/api/intervention/ws' failed: WebSocket is closed before the connection is established. @ http://localhost:5173/src/context/InterventionContext.jsx:135
[   15035ms] [WARNING] WebSocket connection to 'ws://localhost:8000/api/intervention/ws' failed: WebSocket is closed before the connection is established. @ http://localhost:5173/src/context/InterventionContext.jsx:135
[   15061ms] [WARNING] WebSocket connection to 'ws://localhost:8000/api/intervention/ws' failed: WebSocket is closed before the connection is established. @ http://localhost:5173/src/context/InterventionContext.jsx:135
[   15082ms] [WARNING] WebSocket connection to 'ws://localhost:8000/api/intervention/ws' failed: WebSocket is closed before the connection is established. @ http://localhost:5173/src/context/InterventionContext.jsx:135
[   15100ms] [WARNING] WebSocket connection to 'ws://localhost:8000/api/intervention/ws' failed: WebSocket is closed before the connection is established. @ http://localhost:5173/src/context/InterventionContext.jsx:135
[   15115ms] [WARNING] WebSocket connection to 'ws://localhost:8000/api/intervention/ws' failed: WebSocket is closed before the connection is established. @ http://localhost:5173/src/context/InterventionContext.jsx:135
[   15139ms] [WARNING] WebSocket connection to 'ws://localhost:8000/api/intervention/ws' failed: WebSocket is closed before the connection is established. @ http://localhost:5173/src/context/InterventionContext.jsx:135
[   15159ms] [WARNING] WebSocket connection to 'ws://localhost:8000/api/intervention/ws' failed: WebSocket is closed before the connection is established. @ http://localhost:5173/src/context/InterventionContext.jsx:135
[   15181ms] [WARNING] WebSocket connection to 'ws://localhost:8000/api/intervention/ws' failed: WebSocket is closed before the connection is established. @ http://localhost:5173/src/context/InterventionContext.jsx:135
[   15205ms] [WARNING] WebSocket connection to 'ws://localhost:8000/api/intervention/ws' failed: WebSocket is closed before the connection is established. @ http://localhost:5173/src/context/InterventionContext.jsx:135
[   15234ms] [WARNING] WebSocket connection to 'ws://localhost:8000/api/intervention/ws' failed: WebSocket is closed before the connection is established. @ http://localhost:5173/src/context/InterventionContext.jsx:135
[   15272ms] [WARNING] WebSocket connection to 'ws://localhost:8000/api/intervention/ws' failed: WebSocket is closed before the connection is established. @ http://localhost:5173/src/context/InterventionContext.jsx:135
[   15306ms] [WARNING] WebSocket connection to 'ws://localhost:8000/api/intervention/ws' failed: WebSocket is closed before the connection is established. @ http://localhost:5173/src/context/InterventionContext.jsx:135
[   15337ms] [WARNING] WebSocket connection to 'ws://localhost:8000/api/intervention/ws' failed: WebSocket is closed before the connection is established. @ http://localhost:5173/src/context/InterventionContext.jsx:135
[   15386ms] [WARNING] WebSocket connection to 'ws://localhost:8000/api/intervention/ws' failed: WebSocket is closed before the connection is established. @ http://localhost:5173/src/context/InterventionContext.jsx:135
[   15427ms] [WARNING] WebSocket connection to 'ws://localhost:8000/api/intervention/ws' failed: WebSocket is closed before the connection is established. @ http://localhost:5173/src/context/InterventionContext.jsx:135
[   15457ms] [WARNING] WebSocket connection to 'ws://localhost:8000/api/intervention/ws' failed: WebSocket is closed before the connection is established. @ http://localhost:5173/src/context/InterventionContext.jsx:135
[   15480ms] [WARNING] WebSocket connection to 'ws://localhost:8000/api/intervention/ws' failed: WebSocket is closed before the connection is established. @ http://localhost:5173/src/context/InterventionContext.jsx:135
[   15499ms] [WARNING] WebSocket connection to 'ws://localhost:8000/api/intervention/ws' failed: WebSocket is closed before the connection is established. @ http://localhost:5173/src/context/InterventionContext.jsx:135
[   15528ms] [WARNING] WebSocket connection to 'ws://localhost:8000/api/intervention/ws' failed: WebSocket is closed before the connection is established. @ http://localhost:5173/src/context/InterventionContext.jsx:135
[   15548ms] [WARNING] WebSocket connection to 'ws://localhost:8000/api/intervention/ws' failed: WebSocket is closed before the connection is established. @ http://localhost:5173/src/context/InterventionContext.jsx:135
[   15580ms] [WARNING] WebSocket connection to 'ws://localhost:8000/api/intervention/ws' failed: WebSocket is closed before the connection is established. @ http://localhost:5173/src/context/InterventionContext.jsx:135
[   15606ms] [WARNING] WebSocket connection to 'ws://localhost:8000/api/intervention/ws' failed: WebSocket is closed before the connection is established. @ http://localhost:5173/src/context/InterventionContext.jsx:135
[   15636ms] [WARNING] WebSocket connection to 'ws://localhost:8000/api/intervention/ws' failed: WebSocket is closed before the connection is established. @ http://localhost:5173/src/context/InterventionContext.jsx:135
[   15658ms] [WARNING] WebSocket connection to 'ws://localhost:8000/api/intervention/ws' failed: WebSocket is closed before the connection is established. @ http://localhost:5173/src/context/InterventionContext.jsx:135
[   15676ms] [WARNING] WebSocket connection to 'ws://localhost:8000/api/intervention/ws' failed: WebSocket is closed before the connection is established. @ http://localhost:5173/src/context/InterventionContext.jsx:135
[   15701ms] [WARNING] WebSocket connection to 'ws://localhost:8000/api/intervention/ws' failed: WebSocket is closed before the connection is established. @ http://localhost:5173/src/context/InterventionContext.jsx:135
[   15717ms] [WARNING] WebSocket connection to 'ws://localhost:8000/api/intervention/ws' failed: WebSocket is closed before the connection is established. @ http://localhost:5173/src/context/InterventionContext.jsx:135
[   15739ms] [WARNING] WebSocket connection to 'ws://localhost:8000/api/intervention/ws' failed: WebSocket is closed before the connection is established. @ http://localhost:5173/src/context/InterventionContext.jsx:135
[   15764ms] [WARNING] WebSocket connection to 'ws://localhost:8000/api/intervention/ws' failed: WebSocket is closed before the connection is established. @ http://localhost:5173/src/context/InterventionContext.jsx:135
[   15787ms] [WARNING] WebSocket connection to 'ws://localhost:8000/api/intervention/ws' failed: WebSocket is closed before the connection is established. @ http://localhost:5173/src/context/InterventionContext.jsx:135
[   15817ms] [WARNING] WebSocket connection to 'ws://localhost:8000/api/intervention/ws' failed: WebSocket is closed before the connection is established. @ http://localhost:5173/src/context/InterventionContext.jsx:135
[   15890ms] [WARNING] WebSocket connection to 'ws://localhost:8000/api/intervention/ws' failed: WebSocket is closed before the connection is established. @ http://localhost:5173/src/context/InterventionContext.jsx:135
[   15929ms] [WARNING] WebSocket connection to 'ws://localhost:8000/api/intervention/ws' failed: WebSocket is closed before the connection is established. @ http://localhost:5173/src/context/InterventionContext.jsx:135
[   15954ms] [WARNING] WebSocket connection to 'ws://localhost:8000/api/intervention/ws' failed: WebSocket is closed before the connection is established. @ http://localhost:5173/src/context/InterventionContext.jsx:135
[   15977ms] [WARNING] WebSocket connection to 'ws://localhost:8000/api/intervention/ws' failed: WebSocket is closed before the connection is established. @ http://localhost:5173/src/context/InterventionContext.jsx:135
[   15996ms] [WARNING] WebSocket connection to 'ws://localhost:8000/api/intervention/ws' failed: WebSocket is closed before the connection is established. @ http://localhost:5173/src/context/InterventionContext.jsx:135
[   16016ms] [WARNING] WebSocket connection to 'ws://localhost:8000/api/intervention/ws' failed: WebSocket is closed before the connection is established. @ http://localhost:5173/src/context/InterventionContext.jsx:135
[   16032ms] [WARNING] WebSocket connection to 'ws://localhost:8000/api/intervention/ws' failed: WebSocket is closed before the connection is established. @ http://localhost:5173/src/context/InterventionContext.jsx:135
[   16060ms] [WARNING] WebSocket connection to 'ws://localhost:8000/api/intervention/ws' failed: WebSocket is closed before the connection is established. @ http://localhost:5173/src/context/InterventionContext.jsx:135
[   16088ms] [WARNING] WebSocket connection to 'ws://localhost:8000/api/intervention/ws' failed: WebSocket is closed before the connection is established. @ http://localhost:5173/src/context/InterventionContext.jsx:135
[   16111ms] [WARNING] WebSocket connection to 'ws://localhost:8000/api/intervention/ws' failed: WebSocket is closed before the connection is established. @ http://localhost:5173/src/context/InterventionContext.jsx:135
[   16130ms] [WARNING] WebSocket connection to 'ws://localhost:8000/api/intervention/ws' failed: WebSocket is closed before the connection is established. @ http://localhost:5173/src/context/InterventionContext.jsx:135
[   16171ms] [WARNING] WebSocket connection to 'ws://localhost:8000/api/intervention/ws' failed: WebSocket is closed before the connection is established. @ http://localhost:5173/src/context/InterventionContext.jsx:135
[   16206ms] [WARNING] WebSocket connection to 'ws://localhost:8000/api/intervention/ws' failed: WebSocket is closed before the connection is established. @ http://localhost:5173/src/context/InterventionContext.jsx:135
[   16229ms] [WARNING] WebSocket connection to 'ws://localhost:8000/api/intervention/ws' failed: WebSocket is closed before the connection is established. @ http://localhost:5173/src/context/InterventionContext.jsx:135
[   16250ms] [WARNING] WebSocket connection to 'ws://localhost:8000/api/intervention/ws' failed: WebSocket is closed before the connection is established. @ http://localhost:5173/src/context/InterventionContext.jsx:135
[   16272ms] [WARNING] WebSocket connection to 'ws://localhost:8000/api/intervention/ws' failed: WebSocket is closed before the connection is established. @ http://localhost:5173/src/context/InterventionContext.jsx:135
[   16301ms] [WARNING] WebSocket connection to 'ws://localhost:8000/api/intervention/ws' failed: WebSocket is closed before the connection is established. @ http://localhost:5173/src/context/InterventionContext.jsx:135
[   16322ms] [WARNING] WebSocket connection to 'ws://localhost:8000/api/intervention/ws' failed: WebSocket is closed before the connection is established. @ http://localhost:5173/src/context/InterventionContext.jsx:135
[   16354ms] [WARNING] WebSocket connection to 'ws://localhost:8000/api/intervention/ws' failed: WebSocket is closed before the connection is established. @ http://localhost:5173/src/context/InterventionContext.jsx:135
[   16388ms] [WARNING] WebSocket connection to 'ws://localhost:8000/api/intervention/ws' failed: WebSocket is closed before the connection is established. @ http://localhost:5173/src/context/InterventionContext.jsx:135
[   16412ms] [WARNING] WebSocket connection to 'ws://localhost:8000/api/intervention/ws' failed: WebSocket is closed before the connection is established. @ http://localhost:5173/src/context/InterventionContext.jsx:135
[   16437ms] [WARNING] WebSocket connection to 'ws://localhost:8000/api/intervention/ws' failed: WebSocket is closed before the connection is established. @ http://localhost:5173/src/context/InterventionContext.jsx:135
[   16455ms] [WARNING] WebSocket connection to 'ws://localhost:8000/api/intervention/ws' failed: WebSocket is closed before the connection is established. @ http://localhost:5173/src/context/InterventionContext.jsx:135
[   16482ms] [WARNING] WebSocket connection to 'ws://localhost:8000/api/intervention/ws' failed: WebSocket is closed before the connection is established. @ http://localhost:5173/src/context/InterventionContext.jsx:135
[   16678ms] [WARNING] WebSocket connection to 'ws://localhost:8000/api/intervention/ws' failed: WebSocket is closed before the connection is established. @ http://localhost:5173/src/context/InterventionContext.jsx:135
[   16721ms] [WARNING] WebSocket connection to 'ws://localhost:8000/api/intervention/ws' failed: WebSocket is closed before the connection is established. @ http://localhost:5173/src/context/InterventionContext.jsx:135
[   16759ms] [WARNING] WebSocket connection to 'ws://localhost:8000/api/intervention/ws' failed: WebSocket is closed before the connection is established. @ http://localhost:5173/src/context/InterventionContext.jsx:135
[   16900ms] [WARNING] WebSocket connection to 'ws://localhost:8000/api/intervention/ws' failed: WebSocket is closed before the connection is established. @ http://localhost:5173/src/context/InterventionContext.jsx:135
[   17015ms] [WARNING] WebSocket connection to 'ws://localhost:8000/api/intervention/ws' failed: WebSocket is closed before the connection is established. @ http://localhost:5173/src/context/InterventionContext.jsx:135
[   17045ms] [WARNING] WebSocket connection to 'ws://localhost:8000/api/intervention/ws' failed: WebSocket is closed before the connection is established. @ http://localhost:5173/src/context/InterventionContext.jsx:135
[   17081ms] [WARNING] WebSocket connection to 'ws://localhost:8000/api/intervention/ws' failed: WebSocket is closed before the connection is established. @ http://localhost:5173/src/context/InterventionContext.jsx:135
[   17106ms] [WARNING] WebSocket connection to 'ws://localhost:8000/api/intervention/ws' failed: WebSocket is closed before the connection is established. @ http://localhost:5173/src/context/InterventionContext.jsx:135
[   17124ms] [WARNING] WebSocket connection to 'ws://localhost:8000/api/intervention/ws' failed: WebSocket is closed before the connection is established. @ http://localhost:5173/src/context/InterventionContext.jsx:135
[   17146ms] [WARNING] WebSocket connection to 'ws://localhost:8000/api/intervention/ws' failed: WebSocket is closed before the connection is established. @ http://localhost:5173/src/context/InterventionContext.jsx:135
[   17160ms] [WARNING] WebSocket connection to 'ws://localhost:8000/api/intervention/ws' failed: WebSocket is closed before the connection is established. @ http://localhost:5173/src/context/InterventionContext.jsx:135
[   17182ms] [WARNING] WebSocket connection to 'ws://localhost:8000/api/intervention/ws' failed: WebSocket is closed before the connection is established. @ http://localhost:5173/src/context/InterventionContext.jsx:135
[   17207ms] [WARNING] WebSocket connection to 'ws://localhost:8000/api/intervention/ws' failed: WebSocket is closed before the connection is established. @ http://localhost:5173/src/context/InterventionContext.jsx:135
[   17233ms] [WARNING] WebSocket connection to 'ws://localhost:8000/api/intervention/ws' failed: WebSocket is closed before the connection is established. @ http://localhost:5173/src/context/InterventionContext.jsx:135
[   17262ms] [WARNING] WebSocket connection to 'ws://localhost:8000/api/intervention/ws' failed: WebSocket is closed before the connection is established. @ http://localhost:5173/src/context/InterventionContext.jsx:135
[   17288ms] [WARNING] WebSocket connection to 'ws://localhost:8000/api/intervention/ws' failed: WebSocket is closed before the connection is established. @ http://localhost:5173/src/context/InterventionContext.jsx:135
[   17306ms] [WARNING] WebSocket connection to 'ws://localhost:8000/api/intervention/ws' failed: WebSocket is closed before the connection is established. @ http://localhost:5173/src/context/InterventionContext.jsx:135
[   17328ms] [WARNING] WebSocket connection to 'ws://localhost:8000/api/intervention/ws' failed: WebSocket is closed before the connection is established. @ http://localhost:5173/src/context/InterventionContext.jsx:135
[   17347ms] [WARNING] WebSocket connection to 'ws://localhost:8000/api/intervention/ws' failed: WebSocket is closed before the connection is established. @ http://localhost:5173/src/context/InterventionContext.jsx:135
[   17385ms] [WARNING] WebSocket connection to 'ws://localhost:8000/api/intervention/ws' failed: WebSocket is closed before the connection is established. @ http://localhost:5173/src/context/InterventionContext.jsx:135
[   17409ms] [WARNING] WebSocket connection to 'ws://localhost:8000/api/intervention/ws' failed: WebSocket is closed before the connection is established. @ http://localhost:5173/src/context/InterventionContext.jsx:135
[   17439ms] [WARNING] WebSocket connection to 'ws://localhost:8000/api/intervention/ws' failed: WebSocket is closed before the connection is established. @ http://localhost:5173/src/context/InterventionContext.jsx:135
[   17457ms] [WARNING] WebSocket connection to 'ws://localhost:8000/api/intervention/ws' failed: WebSocket is closed before the connection is established. @ http://localhost:5173/src/context/InterventionContext.jsx:135
[   17492ms] [WARNING] WebSocket connection to 'ws://localhost:8000/api/intervention/ws' failed: WebSocket is closed before the connection is established. @ http://localhost:5173/src/context/InterventionContext.jsx:135
[   17508ms] [WARNING] WebSocket connection to 'ws://localhost:8000/api/intervention/ws' failed: WebSocket is closed before the connection is established. @ http://localhost:5173/src/context/InterventionContext.jsx:135
[   17527ms] [WARNING] WebSocket connection to 'ws://localhost:8000/api/intervention/ws' failed: WebSocket is closed before the connection is established. @ http://localhost:5173/src/context/InterventionContext.jsx:135
[   17543ms] [WARNING] WebSocket connection to 'ws://localhost:8000/api/intervention/ws' failed: WebSocket is closed before the connection is established. @ http://localhost:5173/src/context/InterventionContext.jsx:135
[   17557ms] [WARNING] WebSocket connection to 'ws://localhost:8000/api/intervention/ws' failed: WebSocket is closed before the connection is established. @ http://localhost:5173/src/context/InterventionContext.jsx:135
[   17653ms] [WARNING] WebSocket connection to 'ws://localhost:8000/api/intervention/ws' failed: WebSocket is closed before the connection is established. @ http://localhost:5173/src/context/InterventionContext.jsx:135
[   17682ms] [WARNING] WebSocket connection to 'ws://localhost:8000/api/intervention/ws' failed: WebSocket is closed before the connection is established. @ http://localhost:5173/src/context/InterventionContext.jsx:135
[   17732ms] [WARNING] WebSocket connection to 'ws://localhost:8000/api/intervention/ws' failed: WebSocket is closed before the connection is established. @ http://localhost:5173/src/context/InterventionContext.jsx:135
[   17755ms] [WARNING] WebSocket connection to 'ws://localhost:8000/api/intervention/ws' failed: WebSocket is closed before the connection is established. @ http://localhost:5173/src/context/InterventionContext.jsx:135
[   17777ms] [WARNING] WebSocket connection to 'ws://localhost:8000/api/intervention/ws' failed: WebSocket is closed before the connection is established. @ http://localhost:5173/src/context/InterventionContext.jsx:135
[   17807ms] [WARNING] WebSocket connection to 'ws://localhost:8000/api/intervention/ws' failed: WebSocket is closed before the connection is established. @ http://localhost:5173/src/context/InterventionContext.jsx:135
[   17855ms] [WARNING] WebSocket connection to 'ws://localhost:8000/api/intervention/ws' failed: WebSocket is closed before the connection is established. @ http://localhost:5173/src/context/InterventionContext.jsx:135
[   17886ms] [WARNING] WebSocket connection to 'ws://localhost:8000/api/intervention/ws' failed: WebSocket is closed before the connection is established. @ http://localhost:5173/src/context/InterventionContext.jsx:135
[   17922ms] [WARNING] WebSocket connection to 'ws://localhost:8000/api/intervention/ws' failed: WebSocket is closed before the connection is established. @ http://localhost:5173/src/context/InterventionContext.jsx:135
[   17944ms] [WARNING] WebSocket connection to 'ws://localhost:8000/api/intervention/ws' failed: WebSocket is closed before the connection is established. @ http://localhost:5173/src/context/InterventionContext.jsx:135
[   17977ms] [WARNING] WebSocket connection to 'ws://localhost:8000/api/intervention/ws' failed: WebSocket is closed before the connection is established. @ http://localhost:5173/src/context/InterventionContext.jsx:135
[   18011ms] [WARNING] WebSocket connection to 'ws://localhost:8000/api/intervention/ws' failed: WebSocket is closed before the connection is established. @ http://localhost:5173/src/context/InterventionContext.jsx:135
[   18036ms] [WARNING] WebSocket connection to 'ws://localhost:8000/api/intervention/ws' failed: WebSocket is closed before the connection is established. @ http://localhost:5173/src/context/InterventionContext.jsx:135
[   18081ms] [WARNING] WebSocket connection to 'ws://localhost:8000/api/intervention/ws' failed: WebSocket is closed before the connection is established. @ http://localhost:5173/src/context/InterventionContext.jsx:135
[   18113ms] [WARNING] WebSocket connection to 'ws://localhost:8000/api/intervention/ws' failed: WebSocket is closed before the connection is established. @ http://localhost:5173/src/context/InterventionContext.jsx:135
[   18136ms] [WARNING] WebSocket connection to 'ws://localhost:8000/api/intervention/ws' failed: WebSocket is closed before the connection is established. @ http://localhost:5173/src/context/InterventionContext.jsx:135
[   18161ms] [WARNING] WebSocket connection to 'ws://localhost:8000/api/intervention/ws' failed: WebSocket is closed before the connection is established. @ http://localhost:5173/src/context/InterventionContext.jsx:135
[   18181ms] [WARNING] WebSocket connection to 'ws://localhost:8000/api/intervention/ws' failed: WebSocket is closed before the connection is established. @ http://localhost:5173/src/context/InterventionContext.jsx:135
[   18202ms] [WARNING] WebSocket connection to 'ws://localhost:8000/api/intervention/ws' failed: WebSocket is closed before the connection is established. @ http://localhost:5173/src/context/InterventionContext.jsx:135
[   18221ms] [WARNING] WebSocket connection to 'ws://localhost:8000/api/intervention/ws' failed: WebSocket is closed before the connection is established. @ http://localhost:5173/src/context/InterventionContext.jsx:135
[   18247ms] [WARNING] WebSocket connection to 'ws://localhost:8000/api/intervention/ws' failed: WebSocket is closed before the connection is established. @ http://localhost:5173/src/context/InterventionContext.jsx:135
[   18274ms] [WARNING] WebSocket connection to 'ws://localhost:8000/api/intervention/ws' failed: WebSocket is closed before the connection is established. @ http://localhost:5173/src/context/InterventionContext.jsx:135
[   18302ms] [WARNING] WebSocket connection to 'ws://localhost:8000/api/intervention/ws' failed: WebSocket is closed before the connection is established. @ http://localhost:5173/src/context/InterventionContext.jsx:135
[   18324ms] [WARNING] WebSocket connection to 'ws://localhost:8000/api/intervention/ws' failed: WebSocket is closed before the connection is established. @ http://localhost:5173/src/context/InterventionContext.jsx:135
[   18349ms] [WARNING] WebSocket connection to 'ws://localhost:8000/api/intervention/ws' failed: WebSocket is closed before the connection is established. @ http://localhost:5173/src/context/InterventionContext.jsx:135
[   18367ms] [WARNING] WebSocket connection to 'ws://localhost:8000/api/intervention/ws' failed: WebSocket is closed before the connection is established. @ http://localhost:5173/src/context/InterventionContext.jsx:135
[   18384ms] [WARNING] WebSocket connection to 'ws://localhost:8000/api/intervention/ws' failed: WebSocket is closed before the connection is established. @ http://localhost:5173/src/context/InterventionContext.jsx:135
[   18409ms] [WARNING] WebSocket connection to 'ws://localhost:8000/api/intervention/ws' failed: WebSocket is closed before the connection is established. @ http://localhost:5173/src/context/InterventionContext.jsx:135
[   18427ms] [WARNING] WebSocket connection to 'ws://localhost:8000/api/intervention/ws' failed: WebSocket is closed before the connection is established. @ http://localhost:5173/src/context/InterventionContext.jsx:135
[   18449ms] [WARNING] WebSocket connection to 'ws://localhost:8000/api/intervention/ws' failed: WebSocket is closed before the connection is established. @ http://localhost:5173/src/context/InterventionContext.jsx:135
[   18462ms] [WARNING] WebSocket connection to 'ws://localhost:8000/api/intervention/ws' failed: WebSocket is closed before the connection is established. @ http://localhost:5173/src/context/InterventionContext.jsx:135
[   18481ms] [WARNING] WebSocket connection to 'ws://localhost:8000/api/intervention/ws' failed: WebSocket is closed before the connection is established. @ http://localhost:5173/src/context/InterventionContext.jsx:135
[   18494ms] [WARNING] WebSocket connection to 'ws://localhost:8000/api/intervention/ws' failed: WebSocket is closed before the connection is established. @ http://localhost:5173/src/context/InterventionContext.jsx:135
[   18510ms] [WARNING] WebSocket connection to 'ws://localhost:8000/api/intervention/ws' failed: WebSocket is closed before the connection is established. @ http://localhost:5173/src/context/InterventionContext.jsx:135
[   18532ms] [WARNING] WebSocket connection to 'ws://localhost:8000/api/intervention/ws' failed: WebSocket is closed before the connection is established. @ http://localhost:5173/src/context/InterventionContext.jsx:135
[   18551ms] [WARNING] WebSocket connection to 'ws://localhost:8000/api/intervention/ws' failed: WebSocket is closed before the connection is established. @ http://localhost:5173/src/context/InterventionContext.jsx:135
[   18575ms] [WARNING] WebSocket connection to 'ws://localhost:8000/api/intervention/ws' failed: WebSocket is closed before the connection is established. @ http://localhost:5173/src/context/InterventionContext.jsx:135
[   18596ms] [WARNING] WebSocket connection to 'ws://localhost:8000/api/intervention/ws' failed: WebSocket is closed before the connection is established. @ http://localhost:5173/src/context/InterventionContext.jsx:135
[   18621ms] [WARNING] WebSocket connection to 'ws://localhost:8000/api/intervention/ws' failed: WebSocket is closed before the connection is established. @ http://localhost:5173/src/context/InterventionContext.jsx:135
[   18641ms] [WARNING] WebSocket connection to 'ws://localhost:8000/api/intervention/ws' failed: WebSocket is closed before the connection is established. @ http://localhost:5173/src/context/InterventionContext.jsx:135
[   18668ms] [WARNING] WebSocket connection to 'ws://localhost:8000/api/intervention/ws' failed: WebSocket is closed before the connection is established. @ http://localhost:5173/src/context/InterventionContext.jsx:135
[   18695ms] [WARNING] WebSocket connection to 'ws://localhost:8000/api/intervention/ws' failed: WebSocket is closed before the connection is established. @ http://localhost:5173/src/context/InterventionContext.jsx:135
[   18721ms] [WARNING] WebSocket connection to 'ws://localhost:8000/api/intervention/ws' failed: WebSocket is closed before the connection is established. @ http://localhost:5173/src/context/InterventionContext.jsx:135
[   18743ms] [WARNING] WebSocket connection to 'ws://localhost:8000/api/intervention/ws' failed: WebSocket is closed before the connection is established. @ http://localhost:5173/src/context/InterventionContext.jsx:135
[   18757ms] [WARNING] WebSocket connection to 'ws://localhost:8000/api/intervention/ws' failed: WebSocket is closed before the connection is established. @ http://localhost:5173/src/context/InterventionContext.jsx:135
[   18773ms] [WARNING] WebSocket connection to 'ws://localhost:8000/api/intervention/ws' failed: WebSocket is closed before the connection is established. @ http://localhost:5173/src/context/InterventionContext.jsx:135
[   18791ms] [WARNING] WebSocket connection to 'ws://localhost:8000/api/intervention/ws' failed: WebSocket is closed before the connection is established. @ http://localhost:5173/src/context/InterventionContext.jsx:135
[   18807ms] [WARNING] WebSocket connection to 'ws://localhost:8000/api/intervention/ws' failed: WebSocket is closed before the connection is established. @ http://localhost:5173/src/context/InterventionContext.jsx:135
[   18831ms] [WARNING] WebSocket connection to 'ws://localhost:8000/api/intervention/ws' failed: WebSocket is closed before the connection is established. @ http://localhost:5173/src/context/InterventionContext.jsx:135
[   18900ms] [WARNING] WebSocket connection to 'ws://localhost:8000/api/intervention/ws' failed: WebSocket is closed before the connection is established. @ http://localhost:5173/src/context/InterventionContext.jsx:135
[   18963ms] [WARNING] WebSocket connection to 'ws://localhost:8000/api/intervention/ws' failed: WebSocket is closed before the connection is established. @ http://localhost:5173/src/context/InterventionContext.jsx:135
[   19013ms] [WARNING] WebSocket connection to 'ws://localhost:8000/api/intervention/ws' failed: WebSocket is closed before the connection is established. @ http://localhost:5173/src/context/InterventionContext.jsx:135
[   19057ms] [WARNING] WebSocket connection to 'ws://localhost:8000/api/intervention/ws' failed: WebSocket is closed before the connection is established. @ http://localhost:5173/src/context/InterventionContext.jsx:135
[   19079ms] [WARNING] WebSocket connection to 'ws://localhost:8000/api/intervention/ws' failed: WebSocket is closed before the connection is established. @ http://localhost:5173/src/context/InterventionContext.jsx:135
[   19147ms] [WARNING] WebSocket connection to 'ws://localhost:8000/api/intervention/ws' failed: WebSocket is closed before the connection is established. @ http://localhost:5173/src/context/InterventionContext.jsx:135
[   19185ms] [WARNING] WebSocket connection to 'ws://localhost:8000/api/intervention/ws' failed: WebSocket is closed before the connection is established. @ http://localhost:5173/src/context/InterventionContext.jsx:135
[   19228ms] [WARNING] WebSocket connection to 'ws://localhost:8000/api/intervention/ws' failed: WebSocket is closed before the connection is established. @ http://localhost:5173/src/context/InterventionContext.jsx:135
[   19271ms] [WARNING] WebSocket connection to 'ws://localhost:8000/api/intervention/ws' failed: WebSocket is closed before the connection is established. @ http://localhost:5173/src/context/InterventionContext.jsx:135
[   19324ms] [WARNING] WebSocket connection to 'ws://localhost:8000/api/intervention/ws' failed: WebSocket is closed before the connection is established. @ http://localhost:5173/src/context/InterventionContext.jsx:135
[   19415ms] [WARNING] WebSocket connection to 'ws://localhost:8000/api/intervention/ws' failed: WebSocket is closed before the connection is established. @ http://localhost:5173/src/context/InterventionContext.jsx:135
[   19449ms] [WARNING] WebSocket connection to 'ws://localhost:8000/api/intervention/ws' failed: WebSocket is closed before the connection is established. @ http://localhost:5173/src/context/InterventionContext.jsx:135
[   19481ms] [WARNING] WebSocket connection to 'ws://localhost:8000/api/intervention/ws' failed: WebSocket is closed before the connection is established. @ http://localhost:5173/src/context/InterventionContext.jsx:135
[   19503ms] [WARNING] WebSocket connection to 'ws://localhost:8000/api/intervention/ws' failed: WebSocket is closed before the connection is established. @ http://localhost:5173/src/context/InterventionContext.jsx:135
[   22066ms] [WARNING] WebSocket connection to 'ws://localhost:8000/api/intervention/ws' failed: WebSocket is closed before the connection is established. @ http://localhost:5173/src/context/InterventionContext.jsx:135
[   22218ms] [WARNING] WebSocket connection to 'ws://localhost:8000/api/intervention/ws' failed: WebSocket is closed before the connection is established. @ http://localhost:5173/src/context/InterventionContext.jsx:135
[   22316ms] [WARNING] WebSocket connection to 'ws://localhost:8000/api/intervention/ws' failed: WebSocket is closed before the connection is established. @ http://localhost:5173/src/context/InterventionContext.jsx:135
[   22404ms] [WARNING] WebSocket connection to 'ws://localhost:8000/api/intervention/ws' failed: WebSocket is closed before the connection is established. @ http://localhost:5173/src/context/InterventionContext.jsx:135
[   22430ms] [WARNING] WebSocket connection to 'ws://localhost:8000/api/intervention/ws' failed: WebSocket is closed before the connection is established. @ http://localhost:5173/src/context/InterventionContext.jsx:135
[   22457ms] [WARNING] WebSocket connection to 'ws://localhost:8000/api/intervention/ws' failed: WebSocket is closed before the connection is established. @ http://localhost:5173/src/context/InterventionContext.jsx:135
[   22480ms] [WARNING] WebSocket connection to 'ws://localhost:8000/api/intervention/ws' failed: WebSocket is closed before the connection is established. @ http://localhost:5173/src/context/InterventionContext.jsx:135
[   22528ms] [WARNING] WebSocket connection to 'ws://localhost:8000/api/intervention/ws' failed: WebSocket is closed before the connection is established. @ http://localhost:5173/src/context/InterventionContext.jsx:135
[   22656ms] [WARNING] WebSocket connection to 'ws://localhost:8000/api/intervention/ws' failed: WebSocket is closed before the connection is established. @ http://localhost:5173/src/context/InterventionContext.jsx:135
[   22747ms] [WARNING] WebSocket connection to 'ws://localhost:8000/api/intervention/ws' failed: WebSocket is closed before the connection is established. @ http://localhost:5173/src/context/InterventionContext.jsx:135
[   23374ms] [WARNING] WebSocket connection to 'ws://localhost:8000/api/intervention/ws' failed: WebSocket is closed before the connection is established. @ http://localhost:5173/src/context/InterventionContext.jsx:135
[   23474ms] [WARNING] WebSocket connection to 'ws://localhost:8000/api/intervention/ws' failed: WebSocket is closed before the connection is established. @ http://localhost:5173/src/context/InterventionContext.jsx:135
[   23500ms] [WARNING] WebSocket connection to 'ws://localhost:8000/api/intervention/ws' failed: WebSocket is closed before the connection is established. @ http://localhost:5173/src/context/InterventionContext.jsx:135
[   23532ms] [WARNING] WebSocket connection to 'ws://localhost:8000/api/intervention/ws' failed: WebSocket is closed before the connection is established. @ http://localhost:5173/src/context/InterventionContext.jsx:135
[   23558ms] [WARNING] WebSocket connection to 'ws://localhost:8000/api/intervention/ws' failed: WebSocket is closed before the connection is established. @ http://localhost:5173/src/context/InterventionContext.jsx:135
[   23578ms] [WARNING] WebSocket connection to 'ws://localhost:8000/api/intervention/ws' failed: WebSocket is closed before the connection is established. @ http://localhost:5173/src/context/InterventionContext.jsx:135
[   23596ms] [WARNING] WebSocket connection to 'ws://localhost:8000/api/intervention/ws' failed: WebSocket is closed before the connection is established. @ http://localhost:5173/src/context/InterventionContext.jsx:135
[   23609ms] [WARNING] WebSocket connection to 'ws://localhost:8000/api/intervention/ws' failed: WebSocket is closed before the connection is established. @ http://localhost:5173/src/context/InterventionContext.jsx:135
[   23624ms] [WARNING] WebSocket connection to 'ws://localhost:8000/api/intervention/ws' failed: WebSocket is closed before the connection is established. @ http://localhost:5173/src/context/InterventionContext.jsx:135
[   23646ms] [WARNING] WebSocket connection to 'ws://localhost:8000/api/intervention/ws' failed: WebSocket is closed before the connection is established. @ http://localhost:5173/src/context/InterventionContext.jsx:135
[   23671ms] [WARNING] WebSocket connection to 'ws://localhost:8000/api/intervention/ws' failed: WebSocket is closed before the connection is established. @ http://localhost:5173/src/context/InterventionContext.jsx:135
[   23690ms] [WARNING] WebSocket connection to 'ws://localhost:8000/api/intervention/ws' failed: WebSocket is closed before the connection is established. @ http://localhost:5173/src/context/InterventionContext.jsx:135
[   23714ms] [WARNING] WebSocket connection to 'ws://localhost:8000/api/intervention/ws' failed: WebSocket is closed before the connection is established. @ http://localhost:5173/src/context/InterventionContext.jsx:135
[   23736ms] [WARNING] WebSocket connection to 'ws://localhost:8000/api/intervention/ws' failed: WebSocket is closed before the connection is established. @ http://localhost:5173/src/context/InterventionContext.jsx:135
[   23755ms] [WARNING] WebSocket connection to 'ws://localhost:8000/api/intervention/ws' failed: WebSocket is closed before the connection is established. @ http://localhost:5173/src/context/InterventionContext.jsx:135
[   23769ms] [WARNING] WebSocket connection to 'ws://localhost:8000/api/intervention/ws' failed: WebSocket is closed before the connection is established. @ http://localhost:5173/src/context/InterventionContext.jsx:135
[   23788ms] [WARNING] WebSocket connection to 'ws://localhost:8000/api/intervention/ws' failed: WebSocket is closed before the connection is established. @ http://localhost:5173/src/context/InterventionContext.jsx:135
[   23808ms] [WARNING] WebSocket connection to 'ws://localhost:8000/api/intervention/ws' failed: WebSocket is closed before the connection is established. @ http://localhost:5173/src/context/InterventionContext.jsx:135
[   23825ms] [WARNING] WebSocket connection to 'ws://localhost:8000/api/intervention/ws' failed: WebSocket is closed before the connection is established. @ http://localhost:5173/src/context/InterventionContext.jsx:135
[   23844ms] [WARNING] WebSocket connection to 'ws://localhost:8000/api/intervention/ws' failed: WebSocket is closed before the connection is established. @ http://localhost:5173/src/context/InterventionContext.jsx:135
[   23860ms] [WARNING] WebSocket connection to 'ws://localhost:8000/api/intervention/ws' failed: WebSocket is closed before the connection is established. @ http://localhost:5173/src/context/InterventionContext.jsx:135
[   23874ms] [WARNING] WebSocket connection to 'ws://localhost:8000/api/intervention/ws' failed: WebSocket is closed before the connection is established. @ http://localhost:5173/src/context/InterventionContext.jsx:135
[   23890ms] [WARNING] WebSocket connection to 'ws://localhost:8000/api/intervention/ws' failed: WebSocket is closed before the connection is established. @ http://localhost:5173/src/context/InterventionContext.jsx:135
[   23907ms] [WARNING] WebSocket connection to 'ws://localhost:8000/api/intervention/ws' failed: WebSocket is closed before the connection is established. @ http://localhost:5173/src/context/InterventionContext.jsx:135
[   23924ms] [WARNING] WebSocket connection to 'ws://localhost:8000/api/intervention/ws' failed: WebSocket is closed before the connection is established. @ http://localhost:5173/src/context/InterventionContext.jsx:135
[   23947ms] [WARNING] WebSocket connection to 'ws://localhost:8000/api/intervention/ws' failed: WebSocket is closed before the connection is established. @ http://localhost:5173/src/context/InterventionContext.jsx:135
[   23965ms] [WARNING] WebSocket connection to 'ws://localhost:8000/api/intervention/ws' failed: WebSocket is closed before the connection is established. @ http://localhost:5173/src/context/InterventionContext.jsx:135
[   23979ms] [WARNING] WebSocket connection to 'ws://localhost:8000/api/intervention/ws' failed: WebSocket is closed before the connection is established. @ http://localhost:5173/src/context/InterventionContext.jsx:135
[   23998ms] [WARNING] WebSocket connection to 'ws://localhost:8000/api/intervention/ws' failed: WebSocket is closed before the connection is established. @ http://localhost:5173/src/context/InterventionContext.jsx:135
[   24012ms] [WARNING] WebSocket connection to 'ws://localhost:8000/api/intervention/ws' failed: WebSocket is closed before the connection is established. @ http://localhost:5173/src/context/InterventionContext.jsx:135
[   24029ms] [WARNING] WebSocket connection to 'ws://localhost:8000/api/intervention/ws' failed: WebSocket is closed before the connection is established. @ http://localhost:5173/src/context/InterventionContext.jsx:135
[   24042ms] [WARNING] WebSocket connection to 'ws://localhost:8000/api/intervention/ws' failed: WebSocket is closed before the connection is established. @ http://localhost:5173/src/context/InterventionContext.jsx:135
[   24064ms] [WARNING] WebSocket connection to 'ws://localhost:8000/api/intervention/ws' failed: WebSocket is closed before the connection is established. @ http://localhost:5173/src/context/InterventionContext.jsx:135
[   24088ms] [WARNING] WebSocket connection to 'ws://localhost:8000/api/intervention/ws' failed: WebSocket is closed before the connection is established. @ http://localhost:5173/src/context/InterventionContext.jsx:135
[   24106ms] [WARNING] WebSocket connection to 'ws://localhost:8000/api/intervention/ws' failed: WebSocket is closed before the connection is established. @ http://localhost:5173/src/context/InterventionContext.jsx:135
[   24120ms] [WARNING] WebSocket connection to 'ws://localhost:8000/api/intervention/ws' failed: WebSocket is closed before the connection is established. @ http://localhost:5173/src/context/InterventionContext.jsx:135
[   24135ms] [WARNING] WebSocket connection to 'ws://localhost:8000/api/intervention/ws' failed: WebSocket is closed before the connection is established. @ http://localhost:5173/src/context/InterventionContext.jsx:135
[   24162ms] [WARNING] WebSocket connection to 'ws://localhost:8000/api/intervention/ws' failed: WebSocket is closed before the connection is established. @ http://localhost:5173/src/context/InterventionContext.jsx:135
[   24181ms] [WARNING] WebSocket connection to 'ws://localhost:8000/api/intervention/ws' failed: WebSocket is closed before the connection is established. @ http://localhost:5173/src/context/InterventionContext.jsx:135
[   24203ms] [WARNING] WebSocket connection to 'ws://localhost:8000/api/intervention/ws' failed: WebSocket is closed before the connection is established. @ http://localhost:5173/src/context/InterventionContext.jsx:135
[   24223ms] [WARNING] WebSocket connection to 'ws://localhost:8000/api/intervention/ws' failed: WebSocket is closed before the connection is established. @ http://localhost:5173/src/context/InterventionContext.jsx:135
[   24237ms] [WARNING] WebSocket connection to 'ws://localhost:8000/api/intervention/ws' failed: WebSocket is closed before the connection is established. @ http://localhost:5173/src/context/InterventionContext.jsx:135
[   24259ms] [WARNING] WebSocket connection to 'ws://localhost:8000/api/intervention/ws' failed: WebSocket is closed before the connection is established. @ http://localhost:5173/src/context/InterventionContext.jsx:135
[   24279ms] [WARNING] WebSocket connection to 'ws://localhost:8000/api/intervention/ws' failed: WebSocket is closed before the connection is established. @ http://localhost:5173/src/context/InterventionContext.jsx:135
[   24309ms] [WARNING] WebSocket connection to 'ws://localhost:8000/api/intervention/ws' failed: WebSocket is closed before the connection is established. @ http://localhost:5173/src/context/InterventionContext.jsx:135
[   24339ms] [WARNING] WebSocket connection to 'ws://localhost:8000/api/intervention/ws' failed: WebSocket is closed before the connection is established. @ http://localhost:5173/src/context/InterventionContext.jsx:135
[   24363ms] [WARNING] WebSocket connection to 'ws://localhost:8000/api/intervention/ws' failed: WebSocket is closed before the connection is established. @ http://localhost:5173/src/context/InterventionContext.jsx:135
[   24404ms] [WARNING] WebSocket connection to 'ws://localhost:8000/api/intervention/ws' failed: WebSocket is closed before the connection is established. @ http://localhost:5173/src/context/InterventionContext.jsx:135
[   24429ms] [WARNING] WebSocket connection to 'ws://localhost:8000/api/intervention/ws' failed: WebSocket is closed before the connection is established. @ http://localhost:5173/src/context/InterventionContext.jsx:135
[   24447ms] [WARNING] WebSocket connection to 'ws://localhost:8000/api/intervention/ws' failed: WebSocket is closed before the connection is established. @ http://localhost:5173/src/context/InterventionContext.jsx:135
[   24467ms] [WARNING] WebSocket connection to 'ws://localhost:8000/api/intervention/ws' failed: WebSocket is closed before the connection is established. @ http://localhost:5173/src/context/InterventionContext.jsx:135
[   24487ms] [WARNING] WebSocket connection to 'ws://localhost:8000/api/intervention/ws' failed: WebSocket is closed before the connection is established. @ http://localhost:5173/src/context/InterventionContext.jsx:135
[   24514ms] [WARNING] WebSocket connection to 'ws://localhost:8000/api/intervention/ws' failed: WebSocket is closed before the connection is established. @ http://localhost:5173/src/context/InterventionContext.jsx:135
[   24533ms] [WARNING] WebSocket connection to 'ws://localhost:8000/api/intervention/ws' failed: WebSocket is closed before the connection is established. @ http://localhost:5173/src/context/InterventionContext.jsx:135
[   24551ms] [WARNING] WebSocket connection to 'ws://localhost:8000/api/intervention/ws' failed: WebSocket is closed before the connection is established. @ http://localhost:5173/src/context/InterventionContext.jsx:135
[   24566ms] [WARNING] WebSocket connection to 'ws://localhost:8000/api/intervention/ws' failed: WebSocket is closed before the connection is established. @ http://localhost:5173/src/context/InterventionContext.jsx:135
[   24581ms] [WARNING] WebSocket connection to 'ws://localhost:8000/api/intervention/ws' failed: WebSocket is closed before the connection is established. @ http://localhost:5173/src/context/InterventionContext.jsx:135
[   24603ms] [WARNING] WebSocket connection to 'ws://localhost:8000/api/intervention/ws' failed: WebSocket is closed before the connection is established. @ http://localhost:5173/src/context/InterventionContext.jsx:135
[   24617ms] [WARNING] WebSocket connection to 'ws://localhost:8000/api/intervention/ws' failed: WebSocket is closed before the connection is established. @ http://localhost:5173/src/context/InterventionContext.jsx:135
[   24632ms] [WARNING] WebSocket connection to 'ws://localhost:8000/api/intervention/ws' failed: WebSocket is closed before the connection is established. @ http://localhost:5173/src/context/InterventionContext.jsx:135
[   24645ms] [WARNING] WebSocket connection to 'ws://localhost:8000/api/intervention/ws' failed: WebSocket is closed before the connection is established. @ http://localhost:5173/src/context/InterventionContext.jsx:135
[   24660ms] [WARNING] WebSocket connection to 'ws://localhost:8000/api/intervention/ws' failed: WebSocket is closed before the connection is established. @ http://localhost:5173/src/context/InterventionContext.jsx:135
[   24893ms] [WARNING] WebSocket connection to 'ws://localhost:8000/api/intervention/ws' failed: WebSocket is closed before the connection is established. @ http://localhost:5173/src/context/InterventionContext.jsx:135
[   24915ms] [WARNING] WebSocket connection to 'ws://localhost:8000/api/intervention/ws' failed: WebSocket is closed before the connection is established. @ http://localhost:5173/src/context/InterventionContext.jsx:135
[   24927ms] [WARNING] WebSocket connection to 'ws://localhost:8000/api/intervention/ws' failed: WebSocket is closed before the connection is established. @ http://localhost:5173/src/context/InterventionContext.jsx:135
